protocol,opening,speed,true,MLP_pred,GRNN_pred,KAN_pred
random_interp,20.0,25.0,1426.1854,1444.0501621914088,1532.5043250932208,1424.7826
random_interp,20.0,29.0,1664.0759,1712.0965544188566,1765.6453677459667,1653.6118
random_interp,20.0,42.0,2413.8792,2363.9019348132188,2516.8656715604957,2420.0984
random_interp,20.0,44.0,2526.4011,2485.7533888521825,2654.64548922955,2536.5913
random_interp,20.0,50.0,2884.5242,2853.259295674917,3009.8438123708247,2871.6436
random_interp,20.0,53.0,3044.704,3058.8808980270464,3185.1722167573353,3044.4697
random_interp,25.0,21.0,1473.7611,1395.9619899544148,1656.2293504450859,1489.5529
random_interp,25.0,24.0,1700.0353,1633.810174747237,1799.092228706436,1693.561
random_interp,25.0,25.0,1760.728,1710.7183899039878,1854.4477899020687,1763.2003
random_interp,25.0,35.0,2458.805,2518.5936143735025,2460.7562741768115,2467.958
random_interp,25.0,42.0,2954.2683,2956.995400499778,2959.594923074192,2963.942
random_interp,25.0,52.0,3666.755,3653.001797702063,3636.9538095780927,3663.0444
random_interp,25.0,54.0,3809.1907,3812.0658644138593,3784.9003587102734,3810.3071
random_interp,30.0,20.0,1679.7452,1600.3179702180378,1979.5785515616421,1688.4117
random_interp,30.0,35.0,2929.6528,2976.3124794526384,2907.2162015635745,2926.643
random_interp,30.0,46.0,3844.4187,3859.1185595725324,3731.6073062373716,3849.8538
random_interp,30.0,47.0,3935.89,3938.180361048778,3831.064594094205,3932.889
random_interp,30.0,49.0,4102.642,4096.303775503513,4057.648799118217,4099.9277
random_interp,30.0,50.0,4206.3315,4175.365388482003,4175.35970803149,4184.139
random_interp,30.0,51.0,4268.961,4254.427001460494,4287.383275652501,4269.0415
random_interp,30.0,56.0,4675.305,4663.885655292095,4669.99250055765,4699.699
random_interp,35.0,36.0,3493.7063,3486.5303303862997,3451.7113101391687,3499.4937
random_interp,35.0,40.0,3888.157,3911.6539266808595,3840.672488769799,3891.5078
random_interp,35.0,41.0,3994.0007,4016.5334022996567,3950.9679739680805,3989.7961
random_interp,35.0,43.0,4176.9893,4226.292603589642,4189.223628180554,4185.4775
random_interp,35.0,44.0,4284.7866,4331.172329260833,4312.113482595865,4282.679
random_interp,35.0,45.0,4371.694,4436.051804879629,4433.168941991834,4379.4673
random_interp,35.0,49.0,4766.6953,4777.422152708153,4876.229908456422,4766.6797
random_interp,35.0,51.0,4967.5664,4962.112068342307,5074.454071148784,4961.586
random_interp,35.0,52.0,5065.6377,5055.601409795508,5164.384562227233,5059.448
random_interp,40.0,21.0,2338.5566,2348.6057875705296,2596.782161851784,2337.101
random_interp,40.0,29.0,3224.4045,3223.091251834644,3239.367276073343,3239.7852
random_interp,40.0,53.0,5868.4106,5914.7631168952785,5882.066988437933,5884.6797
random_interp,45.0,23.0,2890.384,2877.134755051301,3022.5336131637387,2877.78
random_interp,45.0,27.0,3381.0774,3360.5573518426536,3427.271598677518,3389.233
random_interp,45.0,28.0,3507.9988,3482.467077453526,3555.116287521583,3516.1995
random_interp,45.0,38.0,4751.7534,4724.676876028057,4722.620169263656,4747.9336
random_interp,45.0,45.0,5624.7373,5632.712738490802,5594.031277638381,5620.8574
random_interp,45.0,51.0,6359.73,6375.592657103548,6362.331495551,6359.967
random_interp,45.0,52.0,6483.2754,6495.4107610575165,6490.590163929688,6484.6543
random_interp,50.0,28.0,3894.7515,3938.4202387560385,3843.597298059382,3895.7263
random_interp,50.0,29.0,4031.8428,4084.123901829508,3993.726809057717,4034.0312
random_interp,50.0,40.0,5550.1455,5602.785896161234,5408.924466193859,5562.6143
random_interp,50.0,43.0,5975.8765,5993.520667423109,5866.86102137298,5978.6953
leave_opening_20_out,20.0,20.0,1144.2703,961.1409614208958,1613.9697189401588,1270.0776
leave_opening_20_out,20.0,21.0,1196.3232,1024.9187160729564,1643.4958011643785,1322.1078
leave_opening_20_out,20.0,22.0,1259.8601,1081.9464280923082,1677.61933148955,1375.944
leave_opening_20_out,20.0,23.0,1317.2009,1138.974144360555,1716.7072887885881,1431.3939
leave_opening_20_out,20.0,24.0,1373.9391,1196.00185213101,1760.9629431337735,1488.2429
leave_opening_20_out,20.0,25.0,1426.1854,1253.0295599014664,1810.3632415342083,1546.2538
leave_opening_20_out,20.0,26.0,1489.1096,1310.0572846675045,1864.6237085961293,1605.1691
leave_opening_20_out,20.0,27.0,1544.5166,1379.182582276874,1923.2108774187532,1664.736
leave_opening_20_out,20.0,28.0,1597.9465,1463.8633849023245,1985.4091394591178,1724.8176
leave_opening_20_out,20.0,29.0,1664.0759,1541.1527217218886,2050.426220563831,1785.3601
leave_opening_20_out,20.0,30.0,1716.4952,1611.0841400170514,2117.505587165727,1846.365
leave_opening_20_out,20.0,31.0,1776.5363,1675.126992059631,2186.0102674326727,1907.852
leave_opening_20_out,20.0,32.0,1835.1965,1740.6873513974901,2255.4600759610707,1969.8403
leave_opening_20_out,20.0,33.0,1894.2429,1811.7315130847896,2325.5242440132006,2032.3596
leave_opening_20_out,20.0,34.0,1948.184,1887.1598750106432,2395.987848019876,2095.444
leave_opening_20_out,20.0,35.0,2001.307,1962.69771924033,2466.711182748855,2159.1191
leave_opening_20_out,20.0,36.0,2062.6792,2038.2355634700193,2537.5979457250746,2223.4001
leave_opening_20_out,20.0,37.0,2123.4856,2112.741948871748,2608.5762728244963,2288.2803
leave_opening_20_out,20.0,38.0,2176.0723,2185.1753041937773,2679.5914150485187,2353.6826
leave_opening_20_out,20.0,39.0,2233.1711,2257.6087458631755,2750.605523175308,2419.5176
leave_opening_20_out,20.0,40.0,2290.501,2330.042187532574,2821.5981032974714,2485.6843
leave_opening_20_out,20.0,41.0,2357.299,2398.348507174344,2892.5652261842474,2551.9658
leave_opening_20_out,20.0,42.0,2413.8792,2466.3824211273413,2963.515435552744,2618.0706
leave_opening_20_out,20.0,43.0,2474.9104,2533.432944486507,3034.4612558830167,2683.6812
leave_opening_20_out,20.0,44.0,2526.4011,2585.557441481321,3105.4106383644303,2748.5068
leave_opening_20_out,20.0,45.0,2585.8262,2637.681814201831,3176.354039316726,2812.32
leave_opening_20_out,20.0,46.0,2641.5813,2689.8061869223397,3247.2518619900525,2875.224
leave_opening_20_out,20.0,47.0,2695.4802,2741.930683917156,3318.016618206747,2937.3853
leave_opening_20_out,20.0,48.0,2759.9985,2794.055056637667,3388.48983173771,2998.9482
leave_opening_20_out,20.0,49.0,2815.0046,2846.1795536324817,3458.4152503400383,3060.0393
leave_opening_20_out,20.0,50.0,2884.5242,2898.303926352991,3527.4083739454063,3120.7756
leave_opening_20_out,20.0,51.0,2938.1816,2950.4282990735,3594.938033974656,3181.2817
leave_opening_20_out,20.0,52.0,2982.8477,3002.5527960683175,3660.331572213156,3241.6865
leave_opening_20_out,20.0,53.0,3044.704,3045.1757019554,3722.8189375071815,3302.064
leave_opening_20_out,20.0,54.0,3102.8042,3083.272488206981,3781.6179886421255,3362.192
leave_opening_20_out,20.0,55.0,3161.7627,3129.0233945519685,3836.039234621625,3421.73
leave_opening_20_out,20.0,56.0,3220.583,3174.774300896957,3885.58321965493,3480.3267
leave_opening_20_out,20.0,57.0,3274.0254,3236.3833175877944,3929.997814121127,3537.6929
leave_opening_20_out,20.0,58.0,3336.3591,3308.5158825178605,3969.284488656696,3593.6152
leave_opening_20_out,20.0,59.0,3391.1675,3380.6486194255267,4003.661559779708,3648.0532
leave_opening_20_out,20.0,60.0,3452.6304,3452.7811843555937,4033.501290503591,3701.1777
leave_opening_25_out,25.0,20.0,1415.7521,1292.4077921695048,1618.9827907358854,1405.6498
leave_opening_25_out,25.0,21.0,1473.7611,1377.8499308485978,1648.6000414980354,1472.3055
leave_opening_25_out,25.0,22.0,1548.289,1463.2920695276907,1682.8006369661248,1539.9646
leave_opening_25_out,25.0,23.0,1618.7513,1548.734214572721,1721.957906189565,1608.3411
leave_opening_25_out,25.0,24.0,1700.0353,1634.176346885877,1766.2855759089716,1677.1731
leave_opening_25_out,25.0,25.0,1760.728,1719.6184791990352,1815.7750659690405,1746.3049
leave_opening_25_out,25.0,26.0,1830.4532,1808.2097327051215,1870.1588922012515,1815.6697
leave_opening_25_out,25.0,27.0,1905.91,1898.3005502515707,1928.9197572151138,1885.2512
leave_opening_25_out,25.0,28.0,1975.969,1988.391421496351,1991.3524696415561,1955.0605
leave_opening_25_out,25.0,29.0,2042.608,2078.4822390427994,2056.664188830943,2025.1305
leave_opening_25_out,25.0,30.0,2111.831,2153.9599985995483,2124.0834712376245,2095.4805
leave_opening_25_out,25.0,31.0,2177.4082,2228.682328947987,2192.944799262445,2166.0273
leave_opening_25_out,25.0,32.0,2254.237,2303.404659296426,2262.7316075861754,2236.6848
leave_opening_25_out,25.0,33.0,2324.0962,2370.7584933741537,2333.078742452069,2307.3696
leave_opening_25_out,25.0,34.0,2392.3962,2433.1379640094597,2403.7495917827737,2377.9834
leave_opening_25_out,25.0,35.0,2458.805,2493.300227209739,2474.60285788919,2448.4243
leave_opening_25_out,25.0,36.0,2535.4077,2549.4995974559124,2545.56149173686,2518.5996
leave_opening_25_out,25.0,37.0,2611.9893,2605.6989677020833,2616.587038607171,2588.4424
leave_opening_25_out,25.0,38.0,2679.1912,2661.8982709534007,2687.660674124406,2657.9875
leave_opening_25_out,25.0,39.0,2751.9917,2718.0976411995725,2758.771214240224,2727.3413
leave_opening_25_out,25.0,40.0,2820.9468,2786.4127211628106,2829.908523561975,2796.666
leave_opening_25_out,25.0,41.0,2891.7908,2867.54363426334,2901.0628748046383,2866.1204
leave_opening_25_out,25.0,42.0,2954.2683,2948.674740795226,2972.227101038,2935.73
leave_opening_25_out,25.0,43.0,3038.0818,3029.8056538957576,3043.3965570502546,3005.4185
leave_opening_25_out,25.0,44.0,3108.8992,3110.936760427645,3114.5668670450314,3075.0496
leave_opening_25_out,25.0,45.0,3168.8542,3192.067673528174,3185.7226413564185,3144.4836
leave_opening_25_out,25.0,46.0,3243.885,3273.1985866287055,3256.822348720542,3213.8352
leave_opening_25_out,25.0,47.0,3314.1335,3354.32969316059,3327.776328020277,3283.3625
leave_opening_25_out,25.0,48.0,3394.8193,3435.4606062611197,3398.4209120928226,3353.3564
leave_opening_25_out,25.0,49.0,3452.2915,3502.263848148968,3468.4916995265576,3424.0198
leave_opening_25_out,25.0,50.0,3539.3445,3554.3326534956204,3537.5953442938726,3495.5076
leave_opening_25_out,25.0,51.0,3603.536,3606.401458842271,3605.1936714007747,3567.951
leave_opening_25_out,25.0,52.0,3666.755,3658.470388330749,3670.6099110299097,3641.4524
leave_opening_25_out,25.0,53.0,3743.4314,3710.539193677402,3733.0719761443534,3715.8948
leave_opening_25_out,25.0,54.0,3809.1907,3762.608123165879,3791.7960728225125,3790.573
leave_opening_25_out,25.0,55.0,3882.0532,3814.6769285125306,3846.0903291931904,3864.5322
leave_opening_25_out,25.0,56.0,3950.1672,3866.7457338591835,3895.4524391158297,3936.8728
leave_opening_25_out,25.0,57.0,4018.9468,3939.2271772168465,3939.6282967603133,4006.7898
leave_opening_25_out,25.0,58.0,4090.0024,4017.412898384305,3978.6197759450347,4073.603
leave_opening_25_out,25.0,59.0,4166.3916,4095.5988059612305,4012.6488149607458,4136.7627
leave_opening_25_out,25.0,60.0,4243.6396,4173.78452712869,4042.0944247101766,4195.9697
leave_opening_30_out,30.0,20.0,1679.7452,1623.1609142830407,1923.1571742107071,1688.6978
leave_opening_30_out,30.0,21.0,1757.5676,1716.1351102870688,1958.1589884622306,1770.6697
leave_opening_30_out,30.0,22.0,1847.0538,1809.1093062910984,1998.5980979320352,1853.9193
leave_opening_30_out,30.0,23.0,1928.5052,1911.2884398911328,2044.9165825617824,1938.0139
leave_opening_30_out,30.0,24.0,2013.5784,2017.3066690241308,2097.365595608874,2022.5908
leave_opening_30_out,30.0,25.0,2099.146,2123.324898157128,2155.9300593945527,2107.3667
leave_opening_30_out,30.0,26.0,2184.6135,2229.3431588860212,2220.284720556643,2192.1206
leave_opening_30_out,30.0,27.0,2265.7268,2335.3613564231227,2289.805541854502,2276.705
leave_opening_30_out,30.0,28.0,2342.0344,2441.3796171520157,2363.6455028859896,2361.0378
leave_opening_30_out,30.0,29.0,2429.5354,2547.397814689117,2440.85745327913,2445.1094
leave_opening_30_out,30.0,30.0,2504.7783,2623.524578650713,2520.52767896167,2529.0503
leave_opening_30_out,30.0,31.0,2581.2122,2695.0746672654295,2601.8784937884407,2612.9656
leave_opening_30_out,30.0,32.0,2674.3042,2766.624755880148,2684.3177688391215,2696.9038
leave_opening_30_out,30.0,33.0,2760.971,2838.174759200532,2767.436105537816,2780.8613
leave_opening_30_out,30.0,34.0,2850.3867,2909.7248478152496,2850.971509060351,2864.7302
leave_opening_30_out,30.0,35.0,2929.6528,2981.274936429966,2934.762784629331,2948.3657
leave_opening_30_out,30.0,36.0,3017.0808,3052.8250250446836,3018.7100515100883,3031.691
leave_opening_30_out,30.0,37.0,3095.7957,3124.375113659401,3102.747992620484,3114.7224
leave_opening_30_out,30.0,38.0,3172.4219,3195.9251169797863,3186.8321434357895,3197.566
leave_opening_30_out,30.0,39.0,3269.5667,3267.475205594502,3270.934708096361,3280.3462
leave_opening_30_out,30.0,40.0,3345.2664,3339.025294209221,3355.0434014157963,3363.139
leave_opening_30_out,30.0,41.0,3436.2869,3410.5752975296045,3439.1609743359077,3446.0085
leave_opening_30_out,30.0,42.0,3517.055,3482.125471438655,3523.301929292214,3528.9385
leave_opening_30_out,30.0,43.0,3599.9094,3568.782996372787,3607.4837744018864,3611.8406
leave_opening_30_out,30.0,44.0,3683.8025,3656.118313065299,3691.7170733499447,3694.5654
leave_opening_30_out,30.0,45.0,3762.3064,3740.610152168268,3775.9891266921795,3777.0005
leave_opening_30_out,30.0,46.0,3844.4187,3812.7351167169145,3860.2475630122535,3859.3296
leave_opening_30_out,30.0,47.0,3935.89,3884.860253225041,3944.3781192202323,3941.7683
leave_opening_30_out,30.0,48.0,4024.6846,3956.985217773689,4028.1774597309636,4024.4917
leave_opening_30_out,30.0,49.0,4102.642,4029.1103542818155,4111.323212574374,4107.641
leave_opening_30_out,30.0,50.0,4206.3315,4101.235318830462,4193.3408391388275,4191.3857
leave_opening_30_out,30.0,51.0,4268.961,4173.360283379108,4273.585020913992,4275.9062
leave_opening_30_out,30.0,52.0,4354.473,4260.795547252619,4351.248037056304,4361.3535
leave_opening_30_out,30.0,53.0,4435.866,4361.152422927071,4425.412489509699,4447.626
leave_opening_30_out,30.0,54.0,4519.8325,4461.50953787119,4495.151138170143,4534.0107
leave_opening_30_out,30.0,55.0,4605.966,4561.86641354564,4559.648907095919,4619.8115
leave_opening_30_out,30.0,56.0,4675.305,4662.223289220093,4618.316441585095,4704.4062
leave_opening_30_out,30.0,57.0,4777.09,4762.580404164211,4670.857123537574,4786.959
leave_opening_30_out,30.0,58.0,4850.4795,4862.937279838665,4717.274617892457,4866.649
leave_opening_30_out,30.0,59.0,4934.559,4963.294394782783,4757.829938248773,4942.83
leave_opening_30_out,30.0,60.0,5010.844,5063.651270457234,4792.967508244544,5015.1416
leave_opening_35_out,35.0,20.0,1955.8105,2012.344264130959,2234.5558426593752,1939.0686
leave_opening_35_out,35.0,21.0,2046.8104,2099.0109942981344,2275.3464443788744,2034.8245
leave_opening_35_out,35.0,22.0,2143.8738,2185.67772446531,2322.45852839444,2132.582
leave_opening_35_out,35.0,23.0,2249.1545,2272.3444610896604,2376.402575197084,2231.7896
leave_opening_35_out,35.0,24.0,2343.8308,2359.0111847996614,2437.4649667433605,2331.915
leave_opening_35_out,35.0,25.0,2435.646,2445.677908509662,2505.62155149197,2432.4595
leave_opening_35_out,35.0,26.0,2534.6084,2532.510705495545,2580.4886799147353,2532.9878
leave_opening_35_out,35.0,27.0,2626.1028,2619.7010208152096,2661.3389039432695,2633.1562
leave_opening_35_out,35.0,28.0,2730.3525,2706.8913881043663,2747.190564035661,2732.668
leave_opening_35_out,35.0,29.0,2818.3677,2796.6892663423178,2836.949756748173,2831.3315
leave_opening_35_out,35.0,30.0,2921.344,2888.4568045089904,2929.562101740302,2929.2632
leave_opening_35_out,35.0,31.0,3015.148,2983.087025980635,3024.1271187499933,3026.6282
leave_opening_35_out,35.0,32.0,3104.71,3077.431997579081,3119.9519906135497,3123.5874
leave_opening_35_out,35.0,33.0,3211.1846,3171.7768567095823,3216.5478001270153,3220.322
leave_opening_35_out,35.0,34.0,3311.226,3266.121828308028,3313.5919864352527,3316.994
leave_opening_35_out,35.0,35.0,3405.0022,3360.466799906473,3410.8802344621286,3413.744
leave_opening_35_out,35.0,36.0,3493.7063,3455.2429676406596,3508.286323769922,3510.7146
leave_opening_35_out,35.0,37.0,3590.754,3563.9104359888424,3605.733744294823,3608.0144
leave_opening_35_out,35.0,38.0,3700.6172,3675.41701277807,3703.1782958046974,3705.5605
leave_opening_35_out,35.0,39.0,3795.2322,3786.923722493624,3800.598578322714,3803.214
leave_opening_35_out,35.0,40.0,3888.157,3898.430432209176,3897.9892675356523,3900.8618
leave_opening_35_out,35.0,41.0,3994.0007,4009.937008998403,3995.356889283831,3998.414
leave_opening_35_out,35.0,42.0,4074.0874,4121.4438516402815,4092.7151691475724,4095.7822
leave_opening_35_out,35.0,43.0,4176.9893,4218.424733658068,4190.076372548367,4192.885
leave_opening_35_out,35.0,44.0,4284.7866,4307.50840500323,4287.44215392164,4289.633
leave_opening_35_out,35.0,45.0,4371.694,4396.591863956671,4384.786819815114,4386.0024
leave_opening_35_out,35.0,46.0,4475.436,4485.675322910114,4482.040090602228,4482.21
leave_opening_35_out,35.0,47.0,4563.7837,4574.758994255273,4579.063181276254,4578.4004
leave_opening_35_out,35.0,48.0,4670.862,4663.8424532087165,4675.619305379808,4674.65
leave_opening_35_out,35.0,49.0,4766.6953,4755.79474721686,4771.340318801299,4770.994
leave_opening_35_out,35.0,50.0,4879.9136,4853.030932436617,4865.6877995620525,4867.421
leave_opening_35_out,35.0,51.0,4967.5664,4950.2671176563745,4957.928418524074,4963.881
leave_opening_35_out,35.0,52.0,5065.6377,5049.105537419342,5047.139122627548,5060.356
leave_opening_35_out,35.0,53.0,5153.6304,5153.912293048988,5132.26458521219,5156.79
leave_opening_35_out,35.0,54.0,5252.834,5258.71929855765,5212.232243007825,5252.6846
leave_opening_35_out,35.0,55.0,5342.853,5363.526054187297,5286.096425528423,5347.5674
leave_opening_35_out,35.0,56.0,5443.1055,5453.378146049347,5353.174351491644,5441.082
leave_opening_35_out,35.0,57.0,5541.294,5540.331989696541,5413.127424970238,5532.915
leave_opening_35_out,35.0,58.0,5650.4077,5627.285626029917,5465.971191625062,5622.578
leave_opening_35_out,35.0,59.0,5737.038,5714.239469677109,5512.02426738905,5709.3975
leave_opening_35_out,35.0,60.0,5827.9243,5801.193106010483,5551.8199257714205,5792.868
leave_opening_40_out,40.0,20.0,2228.5908,2321.216058523271,2553.609674473707,2212.6392
leave_opening_40_out,40.0,21.0,2338.5566,2417.956043110776,2599.7287439853408,2322.032
leave_opening_40_out,40.0,22.0,2452.6218,2514.6960276982823,2653.061851011381,2434.0806
leave_opening_40_out,40.0,23.0,2560.3926,2611.436019493478,2714.2177585445806,2548.0505
leave_opening_40_out,40.0,24.0,2668.341,2708.175996873292,2783.5547236493676,2663.212
leave_opening_40_out,40.0,25.0,2784.698,2804.915974253107,2861.0756298104297,2778.9
leave_opening_40_out,40.0,26.0,2902.4482,2901.6559804636827,2946.362636520906,2894.4805
leave_opening_40_out,40.0,27.0,3002.9497,2998.395929012736,3038.584914640529,3009.356
leave_opening_40_out,40.0,28.0,3122.8867,3095.135935223313,3136.5944244343145,3122.974
leave_opening_40_out,40.0,29.0,3224.4045,3195.4749229347563,3239.089599884924,3234.9988
leave_opening_40_out,40.0,30.0,3341.6409,3286.2901094030317,3344.799886383758,3345.638
leave_opening_40_out,40.0,31.0,3447.2842,3379.4038172379014,3452.6342084380176,3455.2175
leave_opening_40_out,40.0,32.0,3558.0173,3491.0097227339425,3561.760168172483,3564.052
leave_opening_40_out,40.0,33.0,3667.9885,3602.61549518541,3671.6104963801204,3672.447
leave_opening_40_out,40.0,34.0,3783.0066,3718.2389002406653,3781.8400404861454,3780.6953
leave_opening_40_out,40.0,35.0,3888.9749,3833.2935554469295,3892.2607587912353,3889.0774
leave_opening_40_out,40.0,36.0,4003.0974,3950.455372119486,4002.780691493579,3997.8215
leave_opening_40_out,40.0,37.0,4112.272,4081.210772452148,4113.3573878572715,4107.0845
leave_opening_40_out,40.0,38.0,4232.618,4211.966016912262,4223.969539780199,4216.871
leave_opening_40_out,40.0,39.0,4339.3022,4342.721417244921,4334.604772841183,4327.168
leave_opening_40_out,40.0,40.0,4445.8657,4473.476817577584,4445.256124299668,4437.9805
leave_opening_40_out,40.0,41.0,4555.1895,4604.232062037698,4555.92353479486,4549.3247
leave_opening_40_out,40.0,42.0,4667.1763,4728.229626557884,4666.613944356867,4661.072
leave_opening_40_out,40.0,43.0,4781.8364,4849.423910997252,4777.33438449296,4772.926
leave_opening_40_out,40.0,44.0,4898.6304,4970.618484386587,4888.082179924317,4884.536
leave_opening_40_out,40.0,45.0,4997.085,5091.812768825954,4998.825104931657,4995.6714
leave_opening_40_out,40.0,46.0,5108.233,5213.007053265322,5109.48034548382,5106.4805
leave_opening_40_out,40.0,47.0,5217.889,5323.071202874605,5219.88566071845,5217.1826
leave_opening_40_out,40.0,48.0,5337.634,5432.819004350554,5329.764448747185,5327.9346
leave_opening_40_out,40.0,49.0,5447.256,5541.399848448185,5438.68752582385,5438.8564
leave_opening_40_out,40.0,50.0,5577.606,5640.052868345805,5546.03061697842,5550.0293
leave_opening_40_out,40.0,51.0,5654.1836,5736.239782495806,5650.950230331386,5661.4834
leave_opening_40_out,40.0,52.0,5776.011,5827.229922116543,5752.394117568045,5773.2217
leave_opening_40_out,40.0,53.0,5868.4106,5918.219844800192,5849.169362097591,5885.0986
leave_opening_40_out,40.0,54.0,5995.9014,6009.209984420929,5940.0721798916475,5996.461
leave_opening_40_out,40.0,55.0,6097.8364,6100.1999071045775,6024.047094713251,6106.6387
leave_opening_40_out,40.0,56.0,6215.8853,6191.189829788224,6100.335323119924,6215.2354
leave_opening_40_out,40.0,57.0,6322.976,6282.179969408963,6168.562246149832,6321.961
leave_opening_40_out,40.0,58.0,6418.6626,6373.169892092609,6228.746809519418,6426.5654
leave_opening_40_out,40.0,59.0,6518.006,6464.160031713347,6281.244583397001,6528.8213
leave_opening_40_out,40.0,60.0,6640.939,6555.149954396994,6326.650174108564,6628.339
leave_opening_45_out,45.0,20.0,2522.2202,2604.108458828822,2864.6648567334278,2515.1748
leave_opening_45_out,45.0,21.0,2640.2188,2697.1450952359855,2916.697547664897,2634.895
leave_opening_45_out,45.0,22.0,2759.1636,2790.181731643147,2976.8720589628347,2757.8193
leave_opening_45_out,45.0,23.0,2890.384,2883.2183749820756,3045.8657140193504,2883.291
leave_opening_45_out,45.0,24.0,3013.3806,2993.7932375698992,3124.0676353782064,3010.6406
leave_opening_45_out,45.0,25.0,3133.257,3104.4256584206723,3211.461613371423,3139.182
leave_opening_45_out,45.0,26.0,3253.1572,3218.627298445987,3307.555794672356,3268.2188
leave_opening_45_out,45.0,27.0,3381.0774,3337.1992959660615,3411.3967575387865,3397.059
leave_opening_45_out,45.0,28.0,3507.9988,3455.7713641605783,3521.683306059386,3525.0283
leave_opening_45_out,45.0,29.0,3637.6506,3574.343361680653,3636.9548233517394,3651.5996
leave_opening_45_out,45.0,30.0,3760.7354,3692.871030417378,3755.798885641284,3776.805
leave_opening_45_out,45.0,31.0,3887.5405,3809.706064240421,3877.0132944780416,3900.912
leave_opening_45_out,45.0,32.0,4015.16,3926.5410980634642,3999.6866390123537,4024.2527
leave_opening_45_out,45.0,33.0,4131.6094,4058.837255611085,4123.196641750095,4147.159
leave_opening_45_out,45.0,34.0,4257.5923,4198.718795065351,4247.155855483834,4269.915
leave_opening_45_out,45.0,35.0,4381.249,4338.600334519617,4371.337613319767,4392.7817
leave_opening_45_out,45.0,36.0,4499.9355,4476.468054144689,4495.611202293259,4516.013
leave_opening_45_out,45.0,37.0,4628.692,4613.616610230713,4619.895822588551,4639.797
leave_opening_45_out,45.0,38.0,4751.7534,4750.765002822959,4744.134603982409,4764.123
leave_opening_45_out,45.0,39.0,4875.186,4887.913558908987,4868.284316247843,4888.9062
leave_opening_45_out,45.0,40.0,5007.0938,5025.062114995013,4992.312208595376,5013.9956
leave_opening_45_out,45.0,41.0,5126.1133,5162.210507587259,5116.197318375574,5139.2393
leave_opening_45_out,45.0,42.0,5250.255,5299.359227167064,5239.93084358143,5264.4727
leave_opening_45_out,45.0,43.0,5370.3916,5440.769417275568,5363.510045067652,5389.4824
leave_opening_45_out,45.0,44.0,5494.705,5583.4012550311045,5486.929560680017,5514.0713
leave_opening_45_out,45.0,45.0,5624.7373,5726.032752726324,5610.16075674918,5638.169
leave_opening_45_out,45.0,46.0,5743.5146,5858.15705854188,5733.128167491616,5762.0684
leave_opening_45_out,45.0,47.0,5864.597,5983.616593578572,5855.675921812816,5885.9805
leave_opening_45_out,45.0,48.0,5995.967,6099.58390900884,5977.5268933737625,6010.003
leave_opening_45_out,45.0,49.0,6113.697,6206.608354775331,6098.238064060798,6134.204
leave_opening_45_out,45.0,50.0,6264.29,6313.632545376022,6217.150561431508,6258.6387
leave_opening_45_out,45.0,51.0,6359.73,6420.656735976714,6333.358983096202,6383.3447
leave_opening_45_out,45.0,52.0,6483.2754,6527.681181743206,6445.718444869921,6508.336
leave_opening_45_out,45.0,53.0,6609.0176,6634.705372343897,6552.916656325497,6633.5312
leave_opening_45_out,45.0,54.0,6715.7617,6741.729818110387,6653.617524344983,6758.367
leave_opening_45_out,45.0,55.0,6845.233,6848.754008711079,6746.641038480353,6882.174
leave_opening_45_out,45.0,56.0,6973.444,6955.589569431778,6831.133475992499,7004.449
leave_opening_45_out,45.0,57.0,7088.197,7058.449549216256,6906.669820755884,7124.7812
leave_opening_45_out,45.0,58.0,7203.2935,7161.309283763779,6973.267339456606,7242.745
leave_opening_45_out,45.0,59.0,7326.765,7264.169263548255,7031.3227807643125,7357.872
leave_opening_45_out,45.0,60.0,7445.919,7367.028998095779,7081.502471896353,7469.8086
leave_opening_50_out,50.0,20.0,2799.7883,2888.053519713643,2873.480480629157,2876.788
leave_opening_50_out,50.0,21.0,2923.1726,3010.562819144746,2925.218056871535,2982.4268
leave_opening_50_out,50.0,22.0,3070.1306,3133.0721185758493,2985.103937270329,3092.14
leave_opening_50_out,50.0,23.0,3201.361,3255.581427134607,3053.8388876581166,3205.5356
leave_opening_50_out,50.0,24.0,3344.1978,3378.0907174380563,3131.8409219573223,3322.2175
leave_opening_50_out,50.0,25.0,3478.257,3500.600007741506,3219.1234100164315,3441.7825
leave_opening_50_out,50.0,26.0,3618.4731,3623.109334555572,3315.21694976999,3563.8176
leave_opening_50_out,50.0,27.0,3759.539,3745.618588348407,3419.174268872456,3687.8977
leave_opening_50_out,50.0,28.0,3894.7515,3868.1279151624717,3529.6769201589673,3813.5913
leave_opening_50_out,50.0,29.0,4031.8428,3990.637168955305,3645.2225161383676,3940.5383
leave_opening_50_out,50.0,30.0,4174.894,4113.14649576937,3764.3394006472017,4068.6914
leave_opening_50_out,50.0,31.0,4327.433,4238.957114966781,3885.7626818927424,4198.032
leave_opening_50_out,50.0,32.0,4443.9385,4387.390021253858,4008.531221311822,4328.5225
leave_opening_50_out,50.0,33.0,4581.7676,4535.8227505951645,4131.999044589467,4460.128
leave_opening_50_out,50.0,34.0,4733.185,4684.255656882241,4255.786341424279,4592.7964
leave_opening_50_out,50.0,35.0,4861.347,4832.688563169318,4379.7017318508115,4726.45
leave_opening_50_out,50.0,36.0,5000.6855,4981.121469456394,4503.6669405524135,4860.9775
leave_opening_50_out,50.0,37.0,5149.669,5129.554375743471,4627.657788932551,4996.254
leave_opening_50_out,50.0,38.0,5273.8496,5277.987105084777,4751.667289973966,5132.046
leave_opening_50_out,50.0,39.0,5422.7275,5426.420011371853,4875.689267086147,5268.079
leave_opening_50_out,50.0,40.0,5550.1455,5574.85291765893,4999.7140907263365,5404.0645
leave_opening_50_out,50.0,41.0,5698.042,5723.198521903536,5123.731900688879,5539.6943
leave_opening_50_out,50.0,42.0,5830.893,5863.203503621054,5247.735393398283,5674.66
leave_opening_50_out,50.0,43.0,5975.8765,6003.208151541162,5371.715155064363,5808.6533
leave_opening_50_out,50.0,44.0,6108.018,6143.213133258679,5495.651595413428,5941.37
leave_opening_50_out,50.0,45.0,6233.1035,6283.217781178786,5619.495186431312,6072.58
leave_opening_50_out,50.0,46.0,6366.3716,6423.2224290988925,5743.144837416036,6202.3613
leave_opening_50_out,50.0,47.0,6511.6646,6563.227410816411,5866.4169337779485,6330.9355
leave_opening_50_out,50.0,48.0,6636.236,6703.232058736519,5989.006723713673,6458.534
leave_opening_50_out,50.0,49.0,6791.9907,6822.508606787173,6110.444876298348,6585.3867
leave_opening_50_out,50.0,50.0,6947.858,6932.351032261859,6230.048032131007,6711.703
leave_opening_50_out,50.0,51.0,7048.5757,7042.193457736543,6346.889140213793,6837.6553
leave_opening_50_out,50.0,52.0,7178.912,7152.036145096226,6459.8066728570175,6963.373
leave_opening_50_out,50.0,53.0,7308.6255,7261.878570570912,6567.479450068527,7088.8184
leave_opening_50_out,50.0,54.0,7447.1846,7371.721257930596,6668.571990850972,7213.573
leave_opening_50_out,50.0,55.0,7583.1743,7481.56368340528,6761.913760830524,7337.1494
leave_opening_50_out,50.0,56.0,7710.5527,7591.4061088799635,6846.666352843144,7459.081
leave_opening_50_out,50.0,57.0,7849.771,7701.24879623965,6922.421750755485,7578.925
leave_opening_50_out,50.0,58.0,7973.961,7811.091221714334,6989.212285283163,7696.1943
leave_opening_50_out,50.0,59.0,8121.934,7920.933909074018,7047.445786394053,7810.206
leave_opening_50_out,50.0,60.0,8234.022,8030.776334548701,7097.795291035773,7920.078
leave_speed_20_24_out,20.0,20.0,1144.2703,867.2157353655723,1568.3541903256594,1207.0627
leave_speed_20_24_out,20.0,21.0,1196.3232,950.0480030489714,1579.1483980411856,1239.6324
leave_speed_20_24_out,20.0,22.0,1259.8601,1032.8802491321785,1591.9778308771033,1280.7533
leave_speed_20_24_out,20.0,23.0,1317.2009,1123.5389087253504,1607.2715463096667,1328.154
leave_speed_20_24_out,20.0,24.0,1373.9391,1231.4522218555996,1625.5253482111366,1379.7751
leave_speed_20_24_out,25.0,20.0,1415.7521,1206.4576880376649,1847.6917439230292,1521.6377
leave_speed_20_24_out,25.0,21.0,1473.7611,1304.6367468963986,1860.2172999002476,1557.7528
leave_speed_20_24_out,25.0,22.0,1548.289,1402.8157801529526,1875.100001457471,1603.2131
leave_speed_20_24_out,25.0,23.0,1618.7513,1500.9948262105956,1892.8344797502566,1655.955
leave_speed_20_24_out,25.0,24.0,1700.0353,1599.1738658676945,1913.993633655743,1714.0806
leave_speed_20_24_out,30.0,20.0,1679.7452,1554.3981378950868,2197.814065245694,1811.0884
leave_speed_20_24_out,30.0,21.0,1757.5676,1652.5771967538212,2212.4221691871144,1853.9979
leave_speed_20_24_out,30.0,22.0,1847.0538,1750.7562300103755,2229.7920375295444,1907.9268
leave_speed_20_24_out,30.0,23.0,1928.5052,1848.9352760680185,2250.510331908009,1970.5768
leave_speed_20_24_out,30.0,24.0,2013.5784,1947.1143157251172,2275.2595435075445,2039.7473
leave_speed_20_24_out,35.0,20.0,1955.8105,1948.9079970660086,2553.285763264931,2071.9285
leave_speed_20_24_out,35.0,21.0,2046.8104,2044.60703450258,2570.3961512894784,2125.5054
leave_speed_20_24_out,35.0,22.0,2143.8738,2140.3060469836864,2590.751489073304,2192.0405
leave_speed_20_24_out,35.0,23.0,2249.1545,2236.0050719425276,2615.038009892031,2268.894
leave_speed_20_24_out,35.0,24.0,2343.8308,2331.7040906625007,2644.050505737974,2353.457
leave_speed_20_24_out,40.0,20.0,2228.5908,2325.182162808752,2917.2846512525034,2325.343
leave_speed_20_24_out,40.0,21.0,2338.5566,2432.9385566720453,2936.9396624282867,2392.852
leave_speed_20_24_out,40.0,22.0,2452.6218,2540.6678600883506,2960.3239458722715,2474.92
leave_speed_20_24_out,40.0,23.0,2560.3926,2648.397177550957,2988.2242914529147,2568.4963
leave_speed_20_24_out,40.0,24.0,2668.341,2756.126487990414,3021.5499191421018,2670.5125
leave_speed_20_24_out,45.0,20.0,2522.2202,2622.535184288588,3278.7598681197733,2594.6855
leave_speed_20_24_out,45.0,21.0,2640.2188,2731.264922313107,3300.9881641215516,2675.5137
leave_speed_20_24_out,45.0,22.0,2759.1636,2842.0203548339223,3327.459510832863,2772.0034
leave_speed_20_24_out,45.0,23.0,2890.384,2950.578031427136,3359.0664954374456,2880.8384
leave_speed_20_24_out,45.0,24.0,3013.3806,3058.3442802516697,3396.837609746409,2998.5598
leave_speed_20_24_out,50.0,20.0,2799.7883,2879.3250685292896,3569.617621006012,2925.817
leave_speed_20_24_out,50.0,21.0,2923.1726,2973.8942859693066,3593.825191384937,3011.281
leave_speed_20_24_out,50.0,22.0,3070.1306,3084.6497184901227,3622.6359733336208,3114.4182
leave_speed_20_24_out,50.0,23.0,3201.361,3195.4051654518044,3657.0195788556707,3231.7004
leave_speed_20_24_out,50.0,24.0,3344.1978,3312.9472589350926,3698.094391700081,3359.2446
leave_speed_38_42_out,20.0,38.0,2176.0723,2203.0689902867143,2205.0410866972425,2181.524
leave_speed_38_42_out,20.0,39.0,2233.1711,2267.588565816792,2298.2839410148554,2242.3708
leave_speed_38_42_out,20.0,40.0,2290.501,2332.108141346869,2403.7374211052156,2303.145
leave_speed_38_42_out,20.0,41.0,2357.299,2396.627639963638,2509.1562649871494,2363.5542
leave_speed_38_42_out,20.0,42.0,2413.8792,2461.147292407026,2602.318335548272,2423.3057
leave_speed_38_42_out,25.0,38.0,2679.1912,2671.1145489792248,2591.0294314294338,2681.8188
leave_speed_38_42_out,25.0,39.0,2751.9917,2735.6341245093026,2700.361628375046,2753.3643
leave_speed_38_42_out,25.0,40.0,2820.9468,2800.153700039382,2823.9715561470452,2824.7979
leave_speed_38_42_out,25.0,41.0,2891.7908,2864.673198656149,2947.5234141748715,2896.0664
leave_speed_38_42_out,25.0,42.0,2954.2683,2929.192851099537,3056.7157075671403,2967.037
leave_speed_38_42_out,30.0,38.0,3172.4219,3139.160107671735,3075.389697498072,3180.7751
leave_speed_38_42_out,30.0,39.0,3269.5667,3203.679683201815,3204.4422023531797,3265.7463
leave_speed_38_42_out,30.0,40.0,3345.2664,3268.199258731892,3350.37776152794,3350.5796
leave_speed_38_42_out,30.0,41.0,3436.2869,3332.718757348661,3496.3331444964147,3435.1497
leave_speed_38_42_out,30.0,42.0,3517.055,3406.122148862648,3625.449764540207,3519.361
leave_speed_38_42_out,35.0,38.0,3700.6172,3647.8250119158097,3572.389887957713,3696.7036
leave_speed_38_42_out,35.0,39.0,3795.2322,3736.919902877642,3722.018131009862,3795.1548
leave_speed_38_42_out,35.0,40.0,3888.157,3828.5203963352565,3891.377477462045,3893.5317
leave_speed_38_42_out,35.0,41.0,3994.0007,3935.3680342315206,4060.8647639966,3991.5857
leave_speed_38_42_out,35.0,42.0,4074.0874,4042.2159268726477,4210.847498784318,4089.1936
leave_speed_38_42_out,40.0,38.0,4232.618,4238.40713813096,4082.5204130632933,4221.427
leave_speed_38_42_out,40.0,39.0,4339.3022,4379.4821832118105,4253.067982584487,4332.248
leave_speed_38_42_out,40.0,40.0,4445.8657,4502.158488194245,4446.002214753784,4443.2793
leave_speed_38_42_out,40.0,41.0,4555.1895,4623.358896005844,4638.962327750269,4554.463
leave_speed_38_42_out,40.0,42.0,4667.1763,4744.288312537274,4809.584425868977,4665.6987
leave_speed_38_42_out,45.0,38.0,4751.7534,4771.055467736587,4590.930736495258,4749.909
leave_speed_38_42_out,45.0,39.0,4875.186,4914.306034809299,4781.637464195207,4875.0596
leave_speed_38_42_out,45.0,40.0,5007.0938,5057.556601882012,4997.313084657666,5000.241
leave_speed_38_42_out,45.0,41.0,5126.1133,5200.806998186782,5212.98075456514,5125.1924
leave_speed_38_42_out,45.0,42.0,5250.255,5342.139624151924,5403.661457073016,5249.6865
leave_speed_38_42_out,50.0,38.0,5273.8496,5283.77138109331,4998.46884629114,5281.456
leave_speed_38_42_out,50.0,39.0,5422.7275,5429.167677461443,5205.832885484592,5422.5713
leave_speed_38_42_out,50.0,40.0,5550.1455,5574.5639738295795,5440.077546870944,5563.256
leave_speed_38_42_out,50.0,41.0,5698.042,5719.960096871863,5674.0388451679955,5703.129
leave_speed_38_42_out,50.0,42.0,5830.893,5865.356566565848,5880.63386868455,5841.8867
leave_speed_56_60_out,20.0,56.0,3220.583,3329.5744058424384,3181.016434602302,3202.564
leave_speed_56_60_out,20.0,57.0,3274.0254,3405.30024975739,3199.002555781946,3248.3044
leave_speed_56_60_out,20.0,58.0,3336.3591,3481.02640962586,3214.0654306953475,3289.7273
leave_speed_56_60_out,20.0,59.0,3391.1675,3566.861744129509,3226.7013669265357,3326.6245
leave_speed_56_60_out,20.0,60.0,3452.6304,3660.821048587603,3237.3361325813707,3358.7751
leave_speed_56_60_out,25.0,56.0,3950.1672,4001.4474031359046,3736.0069756571793,3931.3005
leave_speed_56_60_out,25.0,57.0,4018.9468,4095.4063155660265,3757.1232883428183,3984.77
leave_speed_56_60_out,25.0,58.0,4090.0024,4189.365620024122,3774.7966094851304,4031.4644
leave_speed_56_60_out,25.0,59.0,4166.3916,4283.324532454246,3789.610944266675,4070.478
leave_speed_56_60_out,25.0,60.0,4243.6396,4377.28383691234,3802.0682714104955,4101.2334
leave_speed_56_60_out,30.0,56.0,4675.305,4717.91019146064,4430.983204574866,4673.192
leave_speed_56_60_out,30.0,57.0,4777.09,4811.869103890762,4455.914577022841,4736.8613
leave_speed_56_60_out,30.0,58.0,4850.4795,4905.828408348857,4476.774885180197,4792.4834
leave_speed_56_60_out,30.0,59.0,4934.559,4999.787320778979,4494.2569007188,4838.4395
leave_speed_56_60_out,30.0,60.0,5010.844,5093.746625237074,4508.9550924012965,4873.4463
leave_speed_56_60_out,35.0,56.0,5443.1055,5434.372915728612,5144.598926621581,5413.081
leave_speed_56_60_out,35.0,57.0,5541.294,5528.331828158733,5173.291857523191,5487.343
leave_speed_56_60_out,35.0,58.0,5650.4077,5622.29113261683,5197.254812990628,5552.9355
leave_speed_56_60_out,35.0,59.0,5737.038,5716.250045046951,5217.298601824388,5608.073
leave_speed_56_60_out,35.0,60.0,5827.9243,5810.209349505048,5234.118138677127,5651.2393
leave_speed_56_60_out,40.0,56.0,6215.8853,6150.835768110111,5866.205573752094,6175.6094
leave_speed_56_60_out,40.0,57.0,6322.976,6244.794680540232,5898.79999209167,6261.88
leave_speed_56_60_out,40.0,58.0,6418.6626,6338.753984998329,5926.071826325115,6339.58
leave_speed_56_60_out,40.0,59.0,6518.006,6432.712897428449,5948.925045299667,6406.998
leave_speed_56_60_out,40.0,60.0,6640.939,6526.672201886546,5968.135288497481,6462.297
leave_speed_56_60_out,45.0,56.0,6973.444,6893.474231334216,6582.167060498729,6945.699
leave_speed_56_60_out,45.0,57.0,7088.197,6989.350868606685,6618.336267265419,7041.5664
leave_speed_56_60_out,45.0,58.0,7203.2935,7085.227905908519,6648.585070211197,7128.533
leave_speed_56_60_out,45.0,59.0,7326.765,7177.9985053004075,6673.926335028444,7204.6523
leave_speed_56_60_out,45.0,60.0,7445.919,7270.47546900538,6695.227710790637,7267.661
leave_speed_56_60_out,50.0,56.0,7710.5527,7593.225014016838,7152.396029200192,7670.924
leave_speed_56_60_out,50.0,57.0,7849.771,7701.166219639349,7191.480871363706,7771.1104
leave_speed_56_60_out,50.0,58.0,7973.961,7809.10787562863,7224.203137185759,7859.836
leave_speed_56_60_out,50.0,59.0,8121.934,7916.997828426207,7251.648499139476,7935.009
leave_speed_56_60_out,50.0,60.0,8234.022,8019.304508975255,7274.745795321151,7995.131
