comparison_scope,reported_model,task_name,model_name,budget_profile,trial_budget,validation_repeats,selection_metric,tie_break_metric,seed,inner_val_ratio,candidate_idx,repeat_idx,repeat_train_size,repeat_val_size,config_json,val_r2,val_are,mean_val_r2,std_val_r2,mean_val_are,std_val_are,is_selected
forward,MLP,forward,MLP,high,24,5,mean_val_r2,mean_val_are,42,0.17695473251028807,0,0,200,43,"{""alpha"": 1e-06, ""hidden_layer_sizes"": [8]}",0.9977167065394295,1.7338923809372846,0.9916176956549426,0.010417933401209228,3.3454341885506174,2.745940488422897,0
forward,MLP,forward,MLP,high,24,5,mean_val_r2,mean_val_are,42,0.17695473251028807,0,1,200,43,"{""alpha"": 1e-06, ""hidden_layer_sizes"": [8]}",0.9988833782318493,1.3958707301608921,0.9916176956549426,0.010417933401209228,3.3454341885506174,2.745940488422897,0
forward,MLP,forward,MLP,high,24,5,mean_val_r2,mean_val_are,42,0.17695473251028807,0,2,200,43,"{""alpha"": 1e-06, ""hidden_layer_sizes"": [8]}",0.9910505556120685,3.6185016773798906,0.9916176956549426,0.010417933401209228,3.3454341885506174,2.745940488422897,0
forward,MLP,forward,MLP,high,24,5,mean_val_r2,mean_val_are,42,0.17695473251028807,0,3,200,43,"{""alpha"": 1e-06, ""hidden_layer_sizes"": [8]}",0.9716088441827629,8.582705022681424,0.9916176956549426,0.010417933401209228,3.3454341885506174,2.745940488422897,0
forward,MLP,forward,MLP,high,24,5,mean_val_r2,mean_val_are,42,0.17695473251028807,0,4,200,43,"{""alpha"": 1e-06, ""hidden_layer_sizes"": [8]}",0.9988289937086028,1.3962011315935965,0.9916176956549426,0.010417933401209228,3.3454341885506174,2.745940488422897,0
forward,MLP,forward,MLP,high,24,5,mean_val_r2,mean_val_are,42,0.17695473251028807,1,0,200,43,"{""alpha"": 1e-05, ""hidden_layer_sizes"": [8]}",0.9975822801622586,1.7573090856534463,0.9915983781651165,0.010386041895391959,3.350730044835005,2.7295621593181147,0
forward,MLP,forward,MLP,high,24,5,mean_val_r2,mean_val_are,42,0.17695473251028807,1,1,200,43,"{""alpha"": 1e-05, ""hidden_layer_sizes"": [8]}",0.9988254109295404,1.4756458229704035,0.9915983781651165,0.010386041895391959,3.350730044835005,2.7295621593181147,0
forward,MLP,forward,MLP,high,24,5,mean_val_r2,mean_val_are,42,0.17695473251028807,1,2,200,43,"{""alpha"": 1e-05, ""hidden_layer_sizes"": [8]}",0.9910545922556652,3.6178287318698916,0.9915983781651165,0.010386041895391959,3.350730044835005,2.7295621593181147,0
forward,MLP,forward,MLP,high,24,5,mean_val_r2,mean_val_are,42,0.17695473251028807,1,3,200,43,"{""alpha"": 1e-05, ""hidden_layer_sizes"": [8]}",0.9716488533051272,8.557107517079082,0.9915983781651165,0.010386041895391959,3.350730044835005,2.7295621593181147,0
forward,MLP,forward,MLP,high,24,5,mean_val_r2,mean_val_are,42,0.17695473251028807,1,4,200,43,"{""alpha"": 1e-05, ""hidden_layer_sizes"": [8]}",0.9988807541729918,1.345759066602201,0.9915983781651165,0.010386041895391959,3.350730044835005,2.7295621593181147,0
forward,MLP,forward,MLP,high,24,5,mean_val_r2,mean_val_are,42,0.17695473251028807,2,0,200,43,"{""alpha"": 0.0001, ""hidden_layer_sizes"": [8]}",0.9975513722200842,1.785628529772623,0.9915676377425594,0.010399882873518241,3.3576909600730516,2.741306225576949,0
forward,MLP,forward,MLP,high,24,5,mean_val_r2,mean_val_are,42,0.17695473251028807,2,1,200,43,"{""alpha"": 0.0001, ""hidden_layer_sizes"": [8]}",0.9988365213129777,1.407819064030794,0.9915676377425594,0.010399882873518241,3.3576909600730516,2.741306225576949,0
forward,MLP,forward,MLP,high,24,5,mean_val_r2,mean_val_are,42,0.17695473251028807,2,2,200,43,"{""alpha"": 0.0001, ""hidden_layer_sizes"": [8]}",0.9910100502184012,3.6332286730924346,0.9915676377425594,0.010399882873518241,3.3576909600730516,2.741306225576949,0
forward,MLP,forward,MLP,high,24,5,mean_val_r2,mean_val_are,42,0.17695473251028807,2,3,200,43,"{""alpha"": 0.0001, ""hidden_layer_sizes"": [8]}",0.9715956359140168,8.58331566427586,0.9915676377425594,0.010399882873518241,3.3576909600730516,2.741306225576949,0
forward,MLP,forward,MLP,high,24,5,mean_val_r2,mean_val_are,42,0.17695473251028807,2,4,200,43,"{""alpha"": 0.0001, ""hidden_layer_sizes"": [8]}",0.9988446090473171,1.3784628691935463,0.9915676377425594,0.010399882873518241,3.3576909600730516,2.741306225576949,0
forward,MLP,forward,MLP,high,24,5,mean_val_r2,mean_val_are,42,0.17695473251028807,3,0,200,43,"{""alpha"": 0.001, ""hidden_layer_sizes"": [8]}",0.9987939554203484,1.3706202485322636,0.9917134463592838,0.010107217061255542,3.3922063887720433,2.6610205143858594,0
forward,MLP,forward,MLP,high,24,5,mean_val_r2,mean_val_are,42,0.17695473251028807,3,1,200,43,"{""alpha"": 0.001, ""hidden_layer_sizes"": [8]}",0.9975788170279344,2.0861406622959273,0.9917134463592838,0.010107217061255542,3.3922063887720433,2.6610205143858594,0
forward,MLP,forward,MLP,high,24,5,mean_val_r2,mean_val_are,42,0.17695473251028807,3,2,200,43,"{""alpha"": 0.001, ""hidden_layer_sizes"": [8]}",0.9910861560135487,3.6450114435191123,0.9917134463592838,0.010107217061255542,3.3922063887720433,2.6610205143858594,0
forward,MLP,forward,MLP,high,24,5,mean_val_r2,mean_val_are,42,0.17695473251028807,3,3,200,43,"{""alpha"": 0.001, ""hidden_layer_sizes"": [8]}",0.9723258546002336,8.45250368061894,0.9917134463592838,0.010107217061255542,3.3922063887720433,2.6610205143858594,0
forward,MLP,forward,MLP,high,24,5,mean_val_r2,mean_val_are,42,0.17695473251028807,3,4,200,43,"{""alpha"": 0.001, ""hidden_layer_sizes"": [8]}",0.9987824487343538,1.406755908893973,0.9917134463592838,0.010107217061255542,3.3922063887720433,2.6610205143858594,0
forward,MLP,forward,MLP,high,24,5,mean_val_r2,mean_val_are,42,0.17695473251028807,4,0,200,43,"{""alpha"": 1e-06, ""hidden_layer_sizes"": [16]}",0.9918948197254751,3.414491765967169,0.9969577799844058,0.002638971408401693,2.091813666780396,0.7865393115748914,0
forward,MLP,forward,MLP,high,24,5,mean_val_r2,mean_val_are,42,0.17695473251028807,4,1,200,43,"{""alpha"": 1e-06, ""hidden_layer_sizes"": [16]}",0.9989711945646952,1.2930156885428399,0.9969577799844058,0.002638971408401693,2.091813666780396,0.7865393115748914,0
forward,MLP,forward,MLP,high,24,5,mean_val_r2,mean_val_are,42,0.17695473251028807,4,2,200,43,"{""alpha"": 1e-06, ""hidden_layer_sizes"": [16]}",0.9968263678138669,2.542634351517203,0.9969577799844058,0.002638971408401693,2.091813666780396,0.7865393115748914,0
forward,MLP,forward,MLP,high,24,5,mean_val_r2,mean_val_are,42,0.17695473251028807,4,3,200,43,"{""alpha"": 1e-06, ""hidden_layer_sizes"": [16]}",0.9987169747032744,1.4874061004023778,0.9969577799844058,0.002638971408401693,2.091813666780396,0.7865393115748914,0
forward,MLP,forward,MLP,high,24,5,mean_val_r2,mean_val_are,42,0.17695473251028807,4,4,200,43,"{""alpha"": 1e-06, ""hidden_layer_sizes"": [16]}",0.9983795431147175,1.7215204274723905,0.9969577799844058,0.002638971408401693,2.091813666780396,0.7865393115748914,0
forward,MLP,forward,MLP,high,24,5,mean_val_r2,mean_val_are,42,0.17695473251028807,5,0,200,43,"{""alpha"": 1e-05, ""hidden_layer_sizes"": [16]}",0.9918856361794214,3.3921660276515926,0.9972923160012712,0.0027191476156072864,1.9342819109953495,0.7549324534237962,0
forward,MLP,forward,MLP,high,24,5,mean_val_r2,mean_val_are,42,0.17695473251028807,5,1,200,43,"{""alpha"": 1e-05, ""hidden_layer_sizes"": [16]}",0.999125387611285,1.2531961469348167,0.9972923160012712,0.0027191476156072864,1.9342819109953495,0.7549324534237962,0
forward,MLP,forward,MLP,high,24,5,mean_val_r2,mean_val_are,42,0.17695473251028807,5,2,200,43,"{""alpha"": 1e-05, ""hidden_layer_sizes"": [16]}",0.998382385694605,1.7539264715552225,0.9972923160012712,0.0027191476156072864,1.9342819109953495,0.7549324534237962,0
forward,MLP,forward,MLP,high,24,5,mean_val_r2,mean_val_are,42,0.17695473251028807,5,3,200,43,"{""alpha"": 1e-05, ""hidden_layer_sizes"": [16]}",0.9987623907916757,1.4780874002350695,0.9972923160012712,0.0027191476156072864,1.9342819109953495,0.7549324534237962,0
forward,MLP,forward,MLP,high,24,5,mean_val_r2,mean_val_are,42,0.17695473251028807,5,4,200,43,"{""alpha"": 1e-05, ""hidden_layer_sizes"": [16]}",0.9983057797293688,1.7940335086000456,0.9972923160012712,0.0027191476156072864,1.9342819109953495,0.7549324534237962,0
forward,MLP,forward,MLP,high,24,5,mean_val_r2,mean_val_are,42,0.17695473251028807,6,0,200,43,"{""alpha"": 0.0001, ""hidden_layer_sizes"": [16]}",0.9918766964481522,3.3847905217879743,0.9969783602670999,0.002652986843200259,2.071093395371404,0.7484714834040185,0
forward,MLP,forward,MLP,high,24,5,mean_val_r2,mean_val_are,42,0.17695473251028807,6,1,200,43,"{""alpha"": 0.0001, ""hidden_layer_sizes"": [16]}",0.9990287494365359,1.3199349625036194,0.9969783602670999,0.002652986843200259,2.071093395371404,0.7484714834040185,0
forward,MLP,forward,MLP,high,24,5,mean_val_r2,mean_val_are,42,0.17695473251028807,6,2,200,43,"{""alpha"": 0.0001, ""hidden_layer_sizes"": [16]}",0.9969074302090375,2.384709955666557,0.9969783602670999,0.002652986843200259,2.071093395371404,0.7484714834040185,0
forward,MLP,forward,MLP,high,24,5,mean_val_r2,mean_val_are,42,0.17695473251028807,6,3,200,43,"{""alpha"": 0.0001, ""hidden_layer_sizes"": [16]}",0.9987413466124925,1.5129547114596913,0.9969783602670999,0.002652986843200259,2.071093395371404,0.7484714834040185,0
forward,MLP,forward,MLP,high,24,5,mean_val_r2,mean_val_are,42,0.17695473251028807,6,4,200,43,"{""alpha"": 0.0001, ""hidden_layer_sizes"": [16]}",0.9983375786292813,1.7530768254391793,0.9969783602670999,0.002652986843200259,2.071093395371404,0.7484714834040185,0
forward,MLP,forward,MLP,high,24,5,mean_val_r2,mean_val_are,42,0.17695473251028807,7,0,200,43,"{""alpha"": 0.001, ""hidden_layer_sizes"": [16]}",0.9918494214812571,3.4025793292086215,0.9966655300421442,0.0025635053724349845,2.209632982342387,0.7376092684768684,0
forward,MLP,forward,MLP,high,24,5,mean_val_r2,mean_val_are,42,0.17695473251028807,7,1,200,43,"{""alpha"": 0.001, ""hidden_layer_sizes"": [16]}",0.9989750391450563,1.3022873627068692,0.9966655300421442,0.0025635053724349845,2.209632982342387,0.7376092684768684,0
forward,MLP,forward,MLP,high,24,5,mean_val_r2,mean_val_are,42,0.17695473251028807,7,2,200,43,"{""alpha"": 0.001, ""hidden_layer_sizes"": [16]}",0.9968495414409716,2.501043650722843,0.9966655300421442,0.0025635053724349845,2.209632982342387,0.7376092684768684,0
forward,MLP,forward,MLP,high,24,5,mean_val_r2,mean_val_are,42,0.17695473251028807,7,3,200,43,"{""alpha"": 0.001, ""hidden_layer_sizes"": [16]}",0.998720691277931,1.5875490689987295,0.9966655300421442,0.0025635053724349845,2.209632982342387,0.7376092684768684,0
forward,MLP,forward,MLP,high,24,5,mean_val_r2,mean_val_are,42,0.17695473251028807,7,4,200,43,"{""alpha"": 0.001, ""hidden_layer_sizes"": [16]}",0.9969329568655044,2.2547055000748744,0.9966655300421442,0.0025635053724349845,2.209632982342387,0.7376092684768684,0
forward,MLP,forward,MLP,high,24,5,mean_val_r2,mean_val_are,42,0.17695473251028807,8,0,200,43,"{""alpha"": 1e-06, ""hidden_layer_sizes"": [32]}",0.998761078241177,1.1341910755891345,0.9991830106884864,0.00034302317612720275,1.1355312805962345,0.24540669591151404,0
forward,MLP,forward,MLP,high,24,5,mean_val_r2,mean_val_are,42,0.17695473251028807,8,1,200,43,"{""alpha"": 1e-06, ""hidden_layer_sizes"": [32]}",0.9995666828998808,0.8017229990242374,0.9991830106884864,0.00034302317612720275,1.1355312805962345,0.24540669591151404,0
forward,MLP,forward,MLP,high,24,5,mean_val_r2,mean_val_are,42,0.17695473251028807,8,2,200,43,"{""alpha"": 1e-06, ""hidden_layer_sizes"": [32]}",0.9988173742091446,1.4533177375400868,0.9991830106884864,0.00034302317612720275,1.1355312805962345,0.24540669591151404,0
forward,MLP,forward,MLP,high,24,5,mean_val_r2,mean_val_are,42,0.17695473251028807,8,3,200,43,"{""alpha"": 1e-06, ""hidden_layer_sizes"": [32]}",0.9992303032547744,1.3546327254367831,0.9991830106884864,0.00034302317612720275,1.1355312805962345,0.24540669591151404,0
forward,MLP,forward,MLP,high,24,5,mean_val_r2,mean_val_are,42,0.17695473251028807,8,4,200,43,"{""alpha"": 1e-06, ""hidden_layer_sizes"": [32]}",0.999539614837455,0.9337918653909306,0.9991830106884864,0.00034302317612720275,1.1355312805962345,0.24540669591151404,0
forward,MLP,forward,MLP,high,24,5,mean_val_r2,mean_val_are,42,0.17695473251028807,9,0,200,43,"{""alpha"": 1e-05, ""hidden_layer_sizes"": [32]}",0.9996312612249049,0.6672355197933079,0.9993584656762271,0.00030495628451039094,1.0430461384692937,0.31347838959777846,0
forward,MLP,forward,MLP,high,24,5,mean_val_r2,mean_val_are,42,0.17695473251028807,9,1,200,43,"{""alpha"": 1e-05, ""hidden_layer_sizes"": [32]}",0.9995666627184879,0.7996080090076216,0.9993584656762271,0.00030495628451039094,1.0430461384692937,0.31347838959777846,0
forward,MLP,forward,MLP,high,24,5,mean_val_r2,mean_val_are,42,0.17695473251028807,9,2,200,43,"{""alpha"": 1e-05, ""hidden_layer_sizes"": [32]}",0.9988176635964823,1.4527679710380768,0.9993584656762271,0.00030495628451039094,1.0430461384692937,0.31347838959777846,0
forward,MLP,forward,MLP,high,24,5,mean_val_r2,mean_val_are,42,0.17695473251028807,9,3,200,43,"{""alpha"": 1e-05, ""hidden_layer_sizes"": [32]}",0.9992256240219063,1.37255947443082,0.9993584656762271,0.00030495628451039094,1.0430461384692937,0.31347838959777846,0
forward,MLP,forward,MLP,high,24,5,mean_val_r2,mean_val_are,42,0.17695473251028807,9,4,200,43,"{""alpha"": 1e-05, ""hidden_layer_sizes"": [32]}",0.9995511168193546,0.9230597180766417,0.9993584656762271,0.00030495628451039094,1.0430461384692937,0.31347838959777846,0
forward,MLP,forward,MLP,high,24,5,mean_val_r2,mean_val_are,42,0.17695473251028807,10,0,200,43,"{""alpha"": 0.0001, ""hidden_layer_sizes"": [32]}",0.9987600659175391,1.1286431471254874,0.9991406849231659,0.00030003525347097867,1.1537471760656484,0.23138497331121086,0
forward,MLP,forward,MLP,high,24,5,mean_val_r2,mean_val_are,42,0.17695473251028807,10,1,200,43,"{""alpha"": 0.0001, ""hidden_layer_sizes"": [32]}",0.9995331861552438,0.8033826264505036,0.9991406849231659,0.00030003525347097867,1.1537471760656484,0.23138497331121086,0
forward,MLP,forward,MLP,high,24,5,mean_val_r2,mean_val_are,42,0.17695473251028807,10,2,200,43,"{""alpha"": 0.0001, ""hidden_layer_sizes"": [32]}",0.9988384203411849,1.4387424216310327,0.9991406849231659,0.00030003525347097867,1.1537471760656484,0.23138497331121086,0
forward,MLP,forward,MLP,high,24,5,mean_val_r2,mean_val_are,42,0.17695473251028807,10,3,200,43,"{""alpha"": 0.0001, ""hidden_layer_sizes"": [32]}",0.9991919269437288,1.3707314735327285,0.9991406849231659,0.00030003525347097867,1.1537471760656484,0.23138497331121086,0
forward,MLP,forward,MLP,high,24,5,mean_val_r2,mean_val_are,42,0.17695473251028807,10,4,200,43,"{""alpha"": 0.0001, ""hidden_layer_sizes"": [32]}",0.9993798252581335,1.027236211588489,0.9991406849231659,0.00030003525347097867,1.1537471760656484,0.23138497331121086,0
forward,MLP,forward,MLP,high,24,5,mean_val_r2,mean_val_are,42,0.17695473251028807,11,0,200,43,"{""alpha"": 0.001, ""hidden_layer_sizes"": [32]}",0.9996729907837978,0.6331297976441344,0.9992050213479248,0.00046720222512339297,1.1695709412885225,0.4540413196392945,0
forward,MLP,forward,MLP,high,24,5,mean_val_r2,mean_val_are,42,0.17695473251028807,11,1,200,43,"{""alpha"": 0.001, ""hidden_layer_sizes"": [32]}",0.9995018791676971,0.8705711199795556,0.9992050213479248,0.00046720222512339297,1.1695709412885225,0.4540413196392945,0
forward,MLP,forward,MLP,high,24,5,mean_val_r2,mean_val_are,42,0.17695473251028807,11,2,200,43,"{""alpha"": 0.001, ""hidden_layer_sizes"": [32]}",0.9986088329550696,1.5859563951188724,0.9992050213479248,0.00046720222512339297,1.1695709412885225,0.4540413196392945,0
forward,MLP,forward,MLP,high,24,5,mean_val_r2,mean_val_are,42,0.17695473251028807,11,3,200,43,"{""alpha"": 0.001, ""hidden_layer_sizes"": [32]}",0.9986653946000206,1.8220529829218945,0.9992050213479248,0.00046720222512339297,1.1695709412885225,0.4540413196392945,0
forward,MLP,forward,MLP,high,24,5,mean_val_r2,mean_val_are,42,0.17695473251028807,11,4,200,43,"{""alpha"": 0.001, ""hidden_layer_sizes"": [32]}",0.9995760092330385,0.9361444107781562,0.9992050213479248,0.00046720222512339297,1.1695709412885225,0.4540413196392945,0
forward,MLP,forward,MLP,high,24,5,mean_val_r2,mean_val_are,42,0.17695473251028807,12,0,200,43,"{""alpha"": 1e-06, ""hidden_layer_sizes"": [16, 16]}",0.9986935497743599,1.4009637309745524,0.998893701327295,0.00029160791959725917,1.2784565548232991,0.1405135075383687,0
forward,MLP,forward,MLP,high,24,5,mean_val_r2,mean_val_are,42,0.17695473251028807,12,1,200,43,"{""alpha"": 1e-06, ""hidden_layer_sizes"": [16, 16]}",0.9994217563812805,1.007958436654094,0.998893701327295,0.00029160791959725917,1.2784565548232991,0.1405135075383687,0
forward,MLP,forward,MLP,high,24,5,mean_val_r2,mean_val_are,42,0.17695473251028807,12,2,200,43,"{""alpha"": 1e-06, ""hidden_layer_sizes"": [16, 16]}",0.9987353302237467,1.2828026088046607,0.998893701327295,0.00029160791959725917,1.2784565548232991,0.1405135075383687,0
forward,MLP,forward,MLP,high,24,5,mean_val_r2,mean_val_are,42,0.17695473251028807,12,3,200,43,"{""alpha"": 1e-06, ""hidden_layer_sizes"": [16, 16]}",0.9989917206399186,1.3604567625279185,0.998893701327295,0.00029160791959725917,1.2784565548232991,0.1405135075383687,0
forward,MLP,forward,MLP,high,24,5,mean_val_r2,mean_val_are,42,0.17695473251028807,12,4,200,43,"{""alpha"": 1e-06, ""hidden_layer_sizes"": [16, 16]}",0.9986261496171698,1.3401012351552695,0.998893701327295,0.00029160791959725917,1.2784565548232991,0.1405135075383687,0
forward,MLP,forward,MLP,high,24,5,mean_val_r2,mean_val_are,42,0.17695473251028807,13,0,200,43,"{""alpha"": 1e-05, ""hidden_layer_sizes"": [16, 16]}",0.9988340305564876,1.3587157175406448,0.9989347578659926,0.00030064413600641845,1.3091922325361747,0.18538221116542372,0
forward,MLP,forward,MLP,high,24,5,mean_val_r2,mean_val_are,42,0.17695473251028807,13,1,200,43,"{""alpha"": 1e-05, ""hidden_layer_sizes"": [16, 16]}",0.9994406075214808,1.0053751452837276,0.9989347578659926,0.00030064413600641845,1.3091922325361747,0.18538221116542372,0
forward,MLP,forward,MLP,high,24,5,mean_val_r2,mean_val_are,42,0.17695473251028807,13,2,200,43,"{""alpha"": 1e-05, ""hidden_layer_sizes"": [16, 16]}",0.9988085077142811,1.2840431978915177,0.9989347578659926,0.00030064413600641845,1.3091922325361747,0.18538221116542372,0
forward,MLP,forward,MLP,high,24,5,mean_val_r2,mean_val_are,42,0.17695473251028807,13,3,200,43,"{""alpha"": 1e-05, ""hidden_layer_sizes"": [16, 16]}",0.999051330232156,1.31216770020623,0.9989347578659926,0.00030064413600641845,1.3091922325361747,0.18538221116542372,0
forward,MLP,forward,MLP,high,24,5,mean_val_r2,mean_val_are,42,0.17695473251028807,13,4,200,43,"{""alpha"": 1e-05, ""hidden_layer_sizes"": [16, 16]}",0.9985393133055578,1.5856594017587535,0.9989347578659926,0.00030064413600641845,1.3091922325361747,0.18538221116542372,0
forward,MLP,forward,MLP,high,24,5,mean_val_r2,mean_val_are,42,0.17695473251028807,14,0,200,43,"{""alpha"": 0.0001, ""hidden_layer_sizes"": [16, 16]}",0.9986365785220704,1.428293058548089,0.9988275788321144,0.0002714947745806394,1.3497247070087752,0.1481641056741174,0
forward,MLP,forward,MLP,high,24,5,mean_val_r2,mean_val_are,42,0.17695473251028807,14,1,200,43,"{""alpha"": 0.0001, ""hidden_layer_sizes"": [16, 16]}",0.9993080560243144,1.1257870252444748,0.9988275788321144,0.0002714947745806394,1.3497247070087752,0.1481641056741174,0
forward,MLP,forward,MLP,high,24,5,mean_val_r2,mean_val_are,42,0.17695473251028807,14,2,200,43,"{""alpha"": 0.0001, ""hidden_layer_sizes"": [16, 16]}",0.9988716397962256,1.2379899815612638,0.9988275788321144,0.0002714947745806394,1.3497247070087752,0.1481641056741174,0
forward,MLP,forward,MLP,high,24,5,mean_val_r2,mean_val_are,42,0.17695473251028807,14,3,200,43,"{""alpha"": 0.0001, ""hidden_layer_sizes"": [16, 16]}",0.9988085300776396,1.4154036751094468,0.9988275788321144,0.0002714947745806394,1.3497247070087752,0.1481641056741174,0
forward,MLP,forward,MLP,high,24,5,mean_val_r2,mean_val_are,42,0.17695473251028807,14,4,200,43,"{""alpha"": 0.0001, ""hidden_layer_sizes"": [16, 16]}",0.9985130897403223,1.5411497945806008,0.9988275788321144,0.0002714947745806394,1.3497247070087752,0.1481641056741174,0
forward,MLP,forward,MLP,high,24,5,mean_val_r2,mean_val_are,42,0.17695473251028807,15,0,200,43,"{""alpha"": 0.001, ""hidden_layer_sizes"": [16, 16]}",0.9986630903634931,1.3897671908825715,0.9988430502386592,0.00021669155380189104,1.3394635288453722,0.08132807902677798,0
forward,MLP,forward,MLP,high,24,5,mean_val_r2,mean_val_are,42,0.17695473251028807,15,1,200,43,"{""alpha"": 0.001, ""hidden_layer_sizes"": [16, 16]}",0.9992386502731399,1.2524191062803607,0.9988430502386592,0.00021669155380189104,1.3394635288453722,0.08132807902677798,0
forward,MLP,forward,MLP,high,24,5,mean_val_r2,mean_val_are,42,0.17695473251028807,15,2,200,43,"{""alpha"": 0.001, ""hidden_layer_sizes"": [16, 16]}",0.9988571669270091,1.2292465302328985,0.9988430502386592,0.00021669155380189104,1.3394635288453722,0.08132807902677798,0
forward,MLP,forward,MLP,high,24,5,mean_val_r2,mean_val_are,42,0.17695473251028807,15,3,200,43,"{""alpha"": 0.001, ""hidden_layer_sizes"": [16, 16]}",0.998826400675352,1.4099412413099577,0.9988430502386592,0.00021669155380189104,1.3394635288453722,0.08132807902677798,0
forward,MLP,forward,MLP,high,24,5,mean_val_r2,mean_val_are,42,0.17695473251028807,15,4,200,43,"{""alpha"": 0.001, ""hidden_layer_sizes"": [16, 16]}",0.9986299429543017,1.415943575521073,0.9988430502386592,0.00021669155380189104,1.3394635288453722,0.08132807902677798,0
forward,MLP,forward,MLP,high,24,5,mean_val_r2,mean_val_are,42,0.17695473251028807,16,0,200,43,"{""alpha"": 1e-06, ""hidden_layer_sizes"": [32, 16]}",0.9990166677041598,1.2008655724412691,0.9993399526261021,0.0002596622586169704,1.0544867485889124,0.28621234331401674,0
forward,MLP,forward,MLP,high,24,5,mean_val_r2,mean_val_are,42,0.17695473251028807,16,1,200,43,"{""alpha"": 1e-06, ""hidden_layer_sizes"": [32, 16]}",0.999751741899204,0.6209503144192663,0.9993399526261021,0.0002596622586169704,1.0544867485889124,0.28621234331401674,0
forward,MLP,forward,MLP,high,24,5,mean_val_r2,mean_val_are,42,0.17695473251028807,16,2,200,43,"{""alpha"": 1e-06, ""hidden_layer_sizes"": [32, 16]}",0.9995111408004526,0.8272912313493266,0.9993399526261021,0.0002596622586169704,1.0544867485889124,0.28621234331401674,0
forward,MLP,forward,MLP,high,24,5,mean_val_r2,mean_val_are,42,0.17695473251028807,16,3,200,43,"{""alpha"": 1e-06, ""hidden_layer_sizes"": [32, 16]}",0.9992075177717579,1.4019671177523925,0.9993399526261021,0.0002596622586169704,1.0544867485889124,0.28621234331401674,0
forward,MLP,forward,MLP,high,24,5,mean_val_r2,mean_val_are,42,0.17695473251028807,16,4,200,43,"{""alpha"": 1e-06, ""hidden_layer_sizes"": [32, 16]}",0.9992126949549359,1.2213595069823076,0.9993399526261021,0.0002596622586169704,1.0544867485889124,0.28621234331401674,0
forward,MLP,forward,MLP,high,24,5,mean_val_r2,mean_val_are,42,0.17695473251028807,17,0,200,43,"{""alpha"": 1e-05, ""hidden_layer_sizes"": [32, 16]}",0.9990107195542027,1.1284947195030104,0.9993139465171265,0.00024521210916574374,1.043232462550564,0.25182141537892816,0
forward,MLP,forward,MLP,high,24,5,mean_val_r2,mean_val_are,42,0.17695473251028807,17,1,200,43,"{""alpha"": 1e-05, ""hidden_layer_sizes"": [32, 16]}",0.9997233465366445,0.656149142481243,0.9993139465171265,0.00024521210916574374,1.043232462550564,0.25182141537892816,0
forward,MLP,forward,MLP,high,24,5,mean_val_r2,mean_val_are,42,0.17695473251028807,17,2,200,43,"{""alpha"": 1e-05, ""hidden_layer_sizes"": [32, 16]}",0.9994345356688117,0.8969780922754622,0.9993139465171265,0.00024521210916574374,1.043232462550564,0.25182141537892816,0
forward,MLP,forward,MLP,high,24,5,mean_val_r2,mean_val_are,42,0.17695473251028807,17,3,200,43,"{""alpha"": 1e-05, ""hidden_layer_sizes"": [32, 16]}",0.9991801004144996,1.405456356651258,0.9993139465171265,0.00024521210916574374,1.043232462550564,0.25182141537892816,0
forward,MLP,forward,MLP,high,24,5,mean_val_r2,mean_val_are,42,0.17695473251028807,17,4,200,43,"{""alpha"": 1e-05, ""hidden_layer_sizes"": [32, 16]}",0.9992210304114738,1.1290840018418467,0.9993139465171265,0.00024521210916574374,1.043232462550564,0.25182141537892816,0
forward,MLP,forward,MLP,high,24,5,mean_val_r2,mean_val_are,42,0.17695473251028807,18,0,200,43,"{""alpha"": 0.0001, ""hidden_layer_sizes"": [32, 16]}",0.9995391050868174,0.8934680778355387,0.9995008395850473,0.00017037887598091763,0.9781317713315782,0.20366528585004656,0
forward,MLP,forward,MLP,high,24,5,mean_val_r2,mean_val_are,42,0.17695473251028807,18,1,200,43,"{""alpha"": 0.0001, ""hidden_layer_sizes"": [32, 16]}",0.9997231158312294,0.7237791370242921,0.9995008395850473,0.00017037887598091763,0.9781317713315782,0.20366528585004656,0
forward,MLP,forward,MLP,high,24,5,mean_val_r2,mean_val_are,42,0.17695473251028807,18,2,200,43,"{""alpha"": 0.0001, ""hidden_layer_sizes"": [32, 16]}",0.9994068309501029,1.0187766092968826,0.9995008395850473,0.00017037887598091763,0.9781317713315782,0.20366528585004656,0
forward,MLP,forward,MLP,high,24,5,mean_val_r2,mean_val_are,42,0.17695473251028807,18,3,200,43,"{""alpha"": 0.0001, ""hidden_layer_sizes"": [32, 16]}",0.99922840436524,1.338705505383312,0.9995008395850473,0.00017037887598091763,0.9781317713315782,0.20366528585004656,0
forward,MLP,forward,MLP,high,24,5,mean_val_r2,mean_val_are,42,0.17695473251028807,18,4,200,43,"{""alpha"": 0.0001, ""hidden_layer_sizes"": [32, 16]}",0.9996067416918464,0.9159295271178657,0.9995008395850473,0.00017037887598091763,0.9781317713315782,0.20366528585004656,0
forward,MLP,forward,MLP,high,24,5,mean_val_r2,mean_val_are,42,0.17695473251028807,19,0,200,43,"{""alpha"": 0.001, ""hidden_layer_sizes"": [32, 16]}",0.9996824127798394,0.7541654224950864,0.9994861596683329,0.0001655052112277832,0.991277844150488,0.19101963702203759,0
forward,MLP,forward,MLP,high,24,5,mean_val_r2,mean_val_are,42,0.17695473251028807,19,1,200,43,"{""alpha"": 0.001, ""hidden_layer_sizes"": [32, 16]}",0.999648593006565,0.8798407860047869,0.9994861596683329,0.0001655052112277832,0.991277844150488,0.19101963702203759,0
forward,MLP,forward,MLP,high,24,5,mean_val_r2,mean_val_are,42,0.17695473251028807,19,2,200,43,"{""alpha"": 0.001, ""hidden_layer_sizes"": [32, 16]}",0.9994477049631094,1.0247773221102903,0.9994861596683329,0.0001655052112277832,0.991277844150488,0.19101963702203759,0
forward,MLP,forward,MLP,high,24,5,mean_val_r2,mean_val_are,42,0.17695473251028807,19,3,200,43,"{""alpha"": 0.001, ""hidden_layer_sizes"": [32, 16]}",0.9992277914370168,1.3263577990361244,0.9994861596683329,0.0001655052112277832,0.991277844150488,0.19101963702203759,0
forward,MLP,forward,MLP,high,24,5,mean_val_r2,mean_val_are,42,0.17695473251028807,19,4,200,43,"{""alpha"": 0.001, ""hidden_layer_sizes"": [32, 16]}",0.9994242961551337,0.9712478911061524,0.9994861596683329,0.0001655052112277832,0.991277844150488,0.19101963702203759,0
forward,MLP,forward,MLP,high,24,5,mean_val_r2,mean_val_are,42,0.17695473251028807,20,0,200,43,"{""alpha"": 1e-06, ""hidden_layer_sizes"": [32, 32]}",0.9994095003368677,1.0590962529561188,0.9994407126724891,0.00016994749488567708,1.023573691515513,0.2547137110174729,0
forward,MLP,forward,MLP,high,24,5,mean_val_r2,mean_val_are,42,0.17695473251028807,20,1,200,43,"{""alpha"": 1e-06, ""hidden_layer_sizes"": [32, 32]}",0.9994885261925903,0.9716864817866891,0.9994407126724891,0.00016994749488567708,1.023573691515513,0.2547137110174729,0
forward,MLP,forward,MLP,high,24,5,mean_val_r2,mean_val_are,42,0.17695473251028807,20,2,200,43,"{""alpha"": 1e-06, ""hidden_layer_sizes"": [32, 32]}",0.9995404787639014,0.8144019496950635,0.9994407126724891,0.00016994749488567708,1.023573691515513,0.2547137110174729,0
forward,MLP,forward,MLP,high,24,5,mean_val_r2,mean_val_are,42,0.17695473251028807,20,3,200,43,"{""alpha"": 1e-06, ""hidden_layer_sizes"": [32, 32]}",0.9991331032258893,1.4907816478755542,0.9994407126724891,0.00016994749488567708,1.023573691515513,0.2547137110174729,0
forward,MLP,forward,MLP,high,24,5,mean_val_r2,mean_val_are,42,0.17695473251028807,20,4,200,43,"{""alpha"": 1e-06, ""hidden_layer_sizes"": [32, 32]}",0.999631954843197,0.7819021252641396,0.9994407126724891,0.00016994749488567708,1.023573691515513,0.2547137110174729,0
forward,MLP,forward,MLP,high,24,5,mean_val_r2,mean_val_are,42,0.17695473251028807,21,0,200,43,"{""alpha"": 1e-05, ""hidden_layer_sizes"": [32, 32]}",0.9996632576322471,0.7109515466973255,0.9993888639150764,0.00025701038954757514,0.9980308764747244,0.2363295809331257,0
forward,MLP,forward,MLP,high,24,5,mean_val_r2,mean_val_are,42,0.17695473251028807,21,1,200,43,"{""alpha"": 1e-05, ""hidden_layer_sizes"": [32, 32]}",0.998946276037639,1.2401034635450032,0.9993888639150764,0.00025701038954757514,0.9980308764747244,0.2363295809331257,0
forward,MLP,forward,MLP,high,24,5,mean_val_r2,mean_val_are,42,0.17695473251028807,21,2,200,43,"{""alpha"": 1e-05, ""hidden_layer_sizes"": [32, 32]}",0.9994038976285519,1.0012225685575649,0.9993888639150764,0.00025701038954757514,0.9980308764747244,0.2363295809331257,0
forward,MLP,forward,MLP,high,24,5,mean_val_r2,mean_val_are,42,0.17695473251028807,21,3,200,43,"{""alpha"": 1e-05, ""hidden_layer_sizes"": [32, 32]}",0.9993119177781492,1.2810073230614867,0.9993888639150764,0.00025701038954757514,0.9980308764747244,0.2363295809331257,0
forward,MLP,forward,MLP,high,24,5,mean_val_r2,mean_val_are,42,0.17695473251028807,21,4,200,43,"{""alpha"": 1e-05, ""hidden_layer_sizes"": [32, 32]}",0.9996189704987953,0.7568694805122417,0.9993888639150764,0.00025701038954757514,0.9980308764747244,0.2363295809331257,0
forward,MLP,forward,MLP,high,24,5,mean_val_r2,mean_val_are,42,0.17695473251028807,22,0,200,43,"{""alpha"": 0.0001, ""hidden_layer_sizes"": [32, 32]}",0.9997157029837143,0.6840895943168698,0.9996155709835655,0.00012196456840390427,0.8141787408422652,0.1821896577243282,1
forward,MLP,forward,MLP,high,24,5,mean_val_r2,mean_val_are,42,0.17695473251028807,22,1,200,43,"{""alpha"": 0.0001, ""hidden_layer_sizes"": [32, 32]}",0.9996170869645868,0.8994189108057967,0.9996155709835655,0.00012196456840390427,0.8141787408422652,0.1821896577243282,1
forward,MLP,forward,MLP,high,24,5,mean_val_r2,mean_val_are,42,0.17695473251028807,22,2,200,43,"{""alpha"": 0.0001, ""hidden_layer_sizes"": [32, 32]}",0.9997332978980134,0.6155037255602267,0.9996155709835655,0.00012196456840390427,0.8141787408422652,0.1821896577243282,1
forward,MLP,forward,MLP,high,24,5,mean_val_r2,mean_val_are,42,0.17695473251028807,22,3,200,43,"{""alpha"": 0.0001, ""hidden_layer_sizes"": [32, 32]}",0.9993909362320074,1.1265352740551748,0.9996155709835655,0.00012196456840390427,0.8141787408422652,0.1821896577243282,1
forward,MLP,forward,MLP,high,24,5,mean_val_r2,mean_val_are,42,0.17695473251028807,22,4,200,43,"{""alpha"": 0.0001, ""hidden_layer_sizes"": [32, 32]}",0.9996208308395054,0.745346199473258,0.9996155709835655,0.00012196456840390427,0.8141787408422652,0.1821896577243282,1
forward,MLP,forward,MLP,high,24,5,mean_val_r2,mean_val_are,42,0.17695473251028807,23,0,200,43,"{""alpha"": 0.001, ""hidden_layer_sizes"": [32, 32]}",0.9995511231377104,0.8664138421265958,0.9994435499533626,0.0001555258542857899,1.0363432044649163,0.21749724711375185,0
forward,MLP,forward,MLP,high,24,5,mean_val_r2,mean_val_are,42,0.17695473251028807,23,1,200,43,"{""alpha"": 0.001, ""hidden_layer_sizes"": [32, 32]}",0.9995754432511847,0.918363787329135,0.9994435499533626,0.0001555258542857899,1.0363432044649163,0.21749724711375185,0
forward,MLP,forward,MLP,high,24,5,mean_val_r2,mean_val_are,42,0.17695473251028807,23,2,200,43,"{""alpha"": 0.001, ""hidden_layer_sizes"": [32, 32]}",0.9994770719289141,0.9191882465391464,0.9994435499533626,0.0001555258542857899,1.0363432044649163,0.21749724711375185,0
forward,MLP,forward,MLP,high,24,5,mean_val_r2,mean_val_are,42,0.17695473251028807,23,3,200,43,"{""alpha"": 0.001, ""hidden_layer_sizes"": [32, 32]}",0.9991433661510922,1.4601967074588478,0.9994435499533626,0.0001555258542857899,1.0363432044649163,0.21749724711375185,0
forward,MLP,forward,MLP,high,24,5,mean_val_r2,mean_val_are,42,0.17695473251028807,23,4,200,43,"{""alpha"": 0.001, ""hidden_layer_sizes"": [32, 32]}",0.9994707452979111,1.0175534388708567,0.9994435499533626,0.0001555258542857899,1.0363432044649163,0.21749724711375185,0
forward,GRNN,forward,GRNN,high,24,5,mean_val_r2,mean_val_are,42,0.17695473251028807,0,0,200,43,"{""sigma"": 0.1}",0.9908149276472727,3.241125571318965,0.9936906780507251,0.0014665940337434888,3.0811919587518517,0.22164608927541715,1
forward,GRNN,forward,GRNN,high,24,5,mean_val_r2,mean_val_are,42,0.17695473251028807,0,1,200,43,"{""sigma"": 0.1}",0.9938555545824436,2.77150253911115,0.9936906780507251,0.0014665940337434888,3.0811919587518517,0.22164608927541715,1
forward,GRNN,forward,GRNN,high,24,5,mean_val_r2,mean_val_are,42,0.17695473251028807,0,2,200,43,"{""sigma"": 0.1}",0.9946605487742394,2.913701969349667,0.9936906780507251,0.0014665940337434888,3.0811919587518517,0.22164608927541715,1
forward,GRNN,forward,GRNN,high,24,5,mean_val_r2,mean_val_are,42,0.17695473251028807,0,3,200,43,"{""sigma"": 0.1}",0.99458537098701,3.391098205624925,0.9936906780507251,0.0014665940337434888,3.0811919587518517,0.22164608927541715,1
forward,GRNN,forward,GRNN,high,24,5,mean_val_r2,mean_val_are,42,0.17695473251028807,0,4,200,43,"{""sigma"": 0.1}",0.9945369882626591,3.088531508354552,0.9936906780507251,0.0014665940337434888,3.0811919587518517,0.22164608927541715,1
forward,GRNN,forward,GRNN,high,24,5,mean_val_r2,mean_val_are,42,0.17695473251028807,1,0,200,43,"{""sigma"": 0.26956521739130435}",0.885396964778011,13.269002092695285,0.8893475489131333,0.008125262870120494,13.760036426832901,0.40786132275464787,0
forward,GRNN,forward,GRNN,high,24,5,mean_val_r2,mean_val_are,42,0.17695473251028807,1,1,200,43,"{""sigma"": 0.26956521739130435}",0.88372173010552,13.95412540169689,0.8893475489131333,0.008125262870120494,13.760036426832901,0.40786132275464787,0
forward,GRNN,forward,GRNN,high,24,5,mean_val_r2,mean_val_are,42,0.17695473251028807,1,2,200,43,"{""sigma"": 0.26956521739130435}",0.9021107350285777,13.336720858652164,0.8893475489131333,0.008125262870120494,13.760036426832901,0.40786132275464787,0
forward,GRNN,forward,GRNN,high,24,5,mean_val_r2,mean_val_are,42,0.17695473251028807,1,3,200,43,"{""sigma"": 0.26956521739130435}",0.8953326076289716,14.359316502160477,0.8893475489131333,0.008125262870120494,13.760036426832901,0.40786132275464787,0
forward,GRNN,forward,GRNN,high,24,5,mean_val_r2,mean_val_are,42,0.17695473251028807,1,4,200,43,"{""sigma"": 0.26956521739130435}",0.8801757070245859,13.88101727895969,0.8893475489131333,0.008125262870120494,13.760036426832901,0.40786132275464787,0
forward,GRNN,forward,GRNN,high,24,5,mean_val_r2,mean_val_are,42,0.17695473251028807,2,0,200,43,"{""sigma"": 0.4391304347826087}",0.6297294710834316,24.593383203957835,0.6338126342815539,0.01130978787988494,25.46693652849059,0.6792452889087287,0
forward,GRNN,forward,GRNN,high,24,5,mean_val_r2,mean_val_are,42,0.17695473251028807,2,1,200,43,"{""sigma"": 0.4391304347826087}",0.6219352237093929,25.889175385259282,0.6338126342815539,0.01130978787988494,25.46693652849059,0.6792452889087287,0
forward,GRNN,forward,GRNN,high,24,5,mean_val_r2,mean_val_are,42,0.17695473251028807,2,2,200,43,"{""sigma"": 0.4391304347826087}",0.6517267163790654,25.215927142184636,0.6338126342815539,0.01130978787988494,25.46693652849059,0.6792452889087287,0
forward,GRNN,forward,GRNN,high,24,5,mean_val_r2,mean_val_are,42,0.17695473251028807,2,3,200,43,"{""sigma"": 0.4391304347826087}",0.6417518481262133,26.544684527352043,0.6338126342815539,0.01130978787988494,25.46693652849059,0.6792452889087287,0
forward,GRNN,forward,GRNN,high,24,5,mean_val_r2,mean_val_are,42,0.17695473251028807,2,4,200,43,"{""sigma"": 0.4391304347826087}",0.6239199121096659,25.09151238369914,0.6338126342815539,0.01130978787988494,25.46693652849059,0.6792452889087287,0
forward,GRNN,forward,GRNN,high,24,5,mean_val_r2,mean_val_are,42,0.17695473251028807,3,0,200,43,"{""sigma"": 0.608695652173913}",0.41043290506494046,31.387300257941675,0.4147315024463708,0.009609014256513379,32.51528887937952,0.912833513888013,0
forward,GRNN,forward,GRNN,high,24,5,mean_val_r2,mean_val_are,42,0.17695473251028807,3,1,200,43,"{""sigma"": 0.608695652173913}",0.4037325442887698,32.863403912402184,0.4147315024463708,0.009609014256513379,32.51528887937952,0.912833513888013,0
forward,GRNN,forward,GRNN,high,24,5,mean_val_r2,mean_val_are,42,0.17695473251028807,3,2,200,43,"{""sigma"": 0.608695652173913}",0.42985762166938823,32.566137048239,0.4147315024463708,0.009609014256513379,32.51528887937952,0.912833513888013,0
forward,GRNN,forward,GRNN,high,24,5,mean_val_r2,mean_val_are,42,0.17695473251028807,3,3,200,43,"{""sigma"": 0.608695652173913}",0.42165083520263136,33.99883200577269,0.4147315024463708,0.009609014256513379,32.51528887937952,0.912833513888013,0
forward,GRNN,forward,GRNN,high,24,5,mean_val_r2,mean_val_are,42,0.17695473251028807,3,4,200,43,"{""sigma"": 0.608695652173913}",0.40798360600612427,31.760771172542047,0.4147315024463708,0.009609014256513379,32.51528887937952,0.912833513888013,0
forward,GRNN,forward,GRNN,high,24,5,mean_val_r2,mean_val_are,42,0.17695473251028807,4,0,200,43,"{""sigma"": 0.7782608695652173}",0.27540868514858874,34.97813663652702,0.27932127373730226,0.007396961065553907,36.28231599289954,1.0903782811624214,0
forward,GRNN,forward,GRNN,high,24,5,mean_val_r2,mean_val_are,42,0.17695473251028807,4,1,200,43,"{""sigma"": 0.7782608695652173}",0.27059737306812714,36.53619673078659,0.27932127373730226,0.007396961065553907,36.28231599289954,1.0903782811624214,0
forward,GRNN,forward,GRNN,high,24,5,mean_val_r2,mean_val_are,42,0.17695473251028807,4,2,200,43,"{""sigma"": 0.7782608695652173}",0.29085768847568994,36.5499703735725,0.27932127373730226,0.007396961065553907,36.28231599289954,1.0903782811624214,0
forward,GRNN,forward,GRNN,high,24,5,mean_val_r2,mean_val_are,42,0.17695473251028807,4,3,200,43,"{""sigma"": 0.7782608695652173}",0.28479403512532364,38.05229323338465,0.27932127373730226,0.007396961065553907,36.28231599289954,1.0903782811624214,0
forward,GRNN,forward,GRNN,high,24,5,mean_val_r2,mean_val_are,42,0.17695473251028807,4,4,200,43,"{""sigma"": 0.7782608695652173}",0.2749485868687819,35.29498299022691,0.27932127373730226,0.007396961065553907,36.28231599289954,1.0903782811624214,0
forward,GRNN,forward,GRNN,high,24,5,mean_val_r2,mean_val_are,42,0.17695473251028807,5,0,200,43,"{""sigma"": 0.9478260869565217}",0.19400820964988486,36.991104429885425,0.1974284482981438,0.005707598641119635,38.40825960696139,1.207710366319325,0
forward,GRNN,forward,GRNN,high,24,5,mean_val_r2,mean_val_are,42,0.17695473251028807,5,1,200,43,"{""sigma"": 0.9478260869565217}",0.19058658398186012,38.59528543240717,0.1974284482981438,0.005707598641119635,38.40825960696139,1.207710366319325,0
forward,GRNN,forward,GRNN,high,24,5,mean_val_r2,mean_val_are,42,0.17695473251028807,5,2,200,43,"{""sigma"": 0.9478260869565217}",0.20621696551583735,38.81314522913246,0.1974284482981438,0.005707598641119635,38.40825960696139,1.207710366319325,0
forward,GRNN,forward,GRNN,high,24,5,mean_val_r2,mean_val_are,42,0.17695473251028807,5,3,200,43,"{""sigma"": 0.9478260869565217}",0.201774292926858,40.361184723607956,0.1974284482981438,0.005707598641119635,38.40825960696139,1.207710366319325,0
forward,GRNN,forward,GRNN,high,24,5,mean_val_r2,mean_val_are,42,0.17695473251028807,5,4,200,43,"{""sigma"": 0.9478260869565217}",0.1945561894162786,37.28057821977392,0.1974284482981438,0.005707598641119635,38.40825960696139,1.207710366319325,0
forward,GRNN,forward,GRNN,high,24,5,mean_val_r2,mean_val_are,42,0.17695473251028807,6,0,200,43,"{""sigma"": 1.117391304347826}",0.14274436661955558,38.20966253530431,0.14574560588125976,0.004521988980582586,39.69995173472814,1.2842141332805368,0
forward,GRNN,forward,GRNN,high,24,5,mean_val_r2,mean_val_are,42,0.17695473251028807,6,1,200,43,"{""sigma"": 1.117391304347826}",0.14026389317811694,39.842565843547156,0.14574560588125976,0.004521988980582586,39.69995173472814,1.2842141332805368,0
forward,GRNN,forward,GRNN,high,24,5,mean_val_r2,mean_val_are,42,0.17695473251028807,6,2,200,43,"{""sigma"": 1.117391304347826}",0.1525967890407517,40.19324861798145,0.14574560588125976,0.004521988980582586,39.69995173472814,1.2842141332805368,0
forward,GRNN,forward,GRNN,high,24,5,mean_val_r2,mean_val_are,42,0.17695473251028807,6,3,200,43,"{""sigma"": 1.117391304347826}",0.14929235690781228,41.76976163198465,0.14574560588125976,0.004521988980582586,39.69995173472814,1.2842141332805368,0
forward,GRNN,forward,GRNN,high,24,5,mean_val_r2,mean_val_are,42,0.17695473251028807,6,4,200,43,"{""sigma"": 1.117391304347826}",0.14383062366006227,38.48452004482311,0.14574560588125976,0.004521988980582586,39.69995173472814,1.2842141332805368,0
forward,GRNN,forward,GRNN,high,24,5,mean_val_r2,mean_val_are,42,0.17695473251028807,7,0,200,43,"{""sigma"": 1.2869565217391306}",0.10881581213474611,38.99719941634923,0.11149200005253519,0.0036917703844709148,40.53667951452911,1.3357894780817254,0
forward,GRNN,forward,GRNN,high,24,5,mean_val_r2,mean_val_are,42,0.17695473251028807,7,1,200,43,"{""sigma"": 1.2869565217391306}",0.10697966670442816,40.649157138201865,0.11149200005253519,0.0036917703844709148,40.53667951452911,1.3357894780817254,0
forward,GRNN,forward,GRNN,high,24,5,mean_val_r2,mean_val_are,42,0.17695473251028807,7,2,200,43,"{""sigma"": 1.2869565217391306}",0.1169777676189735,41.08910731323386,0.11149200005253519,0.0036917703844709148,40.53667951452911,1.3357894780817254,0
forward,GRNN,forward,GRNN,high,24,5,mean_val_r2,mean_val_are,42,0.17695473251028807,7,3,200,43,"{""sigma"": 1.2869565217391306}",0.11447403149288038,42.68443470592698,0.11149200005253519,0.0036917703844709148,40.53667951452911,1.3357894780817254,0
forward,GRNN,forward,GRNN,high,24,5,mean_val_r2,mean_val_are,42,0.17695473251028807,7,4,200,43,"{""sigma"": 1.2869565217391306}",0.1102127223116478,39.263498998933635,0.11149200005253519,0.0036917703844709148,40.53667951452911,1.3357894780817254,0
forward,GRNN,forward,GRNN,high,24,5,mean_val_r2,mean_val_are,42,0.17695473251028807,8,0,200,43,"{""sigma"": 1.4565217391304348}",0.08534830339713939,39.53359426085162,0.087777107133122,0.003099879968380168,41.107448332643756,1.3718534229452017,0
forward,GRNN,forward,GRNN,high,24,5,mean_val_r2,mean_val_are,42,0.17695473251028807,8,1,200,43,"{""sigma"": 1.4565217391304348}",0.08396603325531427,41.19879850833816,0.087777107133122,0.003099879968380168,41.107448332643756,1.3718534229452017,0
forward,GRNN,forward,GRNN,high,24,5,mean_val_r2,mean_val_are,42,0.17695473251028807,8,2,200,43,"{""sigma"": 1.4565217391304348}",0.09228109129019124,41.70099817497216,0.087777107133122,0.003099879968380168,41.107448332643756,1.3718534229452017,0
forward,GRNN,forward,GRNN,high,24,5,mean_val_r2,mean_val_are,42,0.17695473251028807,8,3,200,43,"{""sigma"": 1.4565217391304348}",0.09035244530285114,43.30935622675361,0.087777107133122,0.003099879968380168,41.107448332643756,1.3718534229452017,0
forward,GRNN,forward,GRNN,high,24,5,mean_val_r2,mean_val_are,42,0.17695473251028807,8,4,200,43,"{""sigma"": 1.4565217391304348}",0.08693766242011403,39.794494492303244,0.087777107133122,0.003099879968380168,41.107448332643756,1.3718534229452017,0
forward,GRNN,forward,GRNN,high,24,5,mean_val_r2,mean_val_are,42,0.17695473251028807,9,0,200,43,"{""sigma"": 1.626086956521739}",0.06850137092524378,39.91462616823879,0.07074112863485402,0.0026685130001497344,41.513327272967516,1.3979241293222717,0
forward,GRNN,forward,GRNN,high,24,5,mean_val_r2,mean_val_are,42,0.17695473251028807,9,1,200,43,"{""sigma"": 1.626086956521739}",0.06744850175163375,41.58938790746561,0.07074112863485402,0.0026685130001497344,41.513327272967516,1.3979241293222717,0
forward,GRNN,forward,GRNN,high,24,5,mean_val_r2,mean_val_are,42,0.17695473251028807,9,2,200,43,"{""sigma"": 1.626086956521739}",0.0745219565939449,42.136488918290844,0.07074112863485402,0.0026685130001497344,41.513327272967516,1.3979241293222717,0
forward,GRNN,forward,GRNN,high,24,5,mean_val_r2,mean_val_are,42,0.17695473251028807,9,3,200,43,"{""sigma"": 1.626086956521739}",0.07301659734483501,43.75422097803468,0.07074112863485402,0.0026685130001497344,41.513327272967516,1.3979241293222717,0
forward,GRNN,forward,GRNN,high,24,5,mean_val_r2,mean_val_are,42,0.17695473251028807,9,4,200,43,"{""sigma"": 1.626086956521739}",0.07021721655861268,40.17191239280764,0.07074112863485402,0.0026685130001497344,41.513327272967516,1.3979241293222717,0
forward,GRNN,forward,GRNN,high,24,5,mean_val_r2,mean_val_are,42,0.17695473251028807,10,0,200,43,"{""sigma"": 1.7956521739130435}",0.056024922343198225,40.19469282141146,0.05811848294565332,0.0023473397075105184,41.811884682543585,1.4173230761711486,0
forward,GRNN,forward,GRNN,high,24,5,mean_val_r2,mean_val_are,42,0.17695473251028807,10,1,200,43,"{""sigma"": 1.7956521739130435}",0.05521771660334629,41.87656353583276,0.05811848294565332,0.0023473397075105184,41.811884682543585,1.4173230761711486,0
forward,GRNN,forward,GRNN,high,24,5,mean_val_r2,mean_val_are,42,0.17695473251028807,10,2,200,43,"{""sigma"": 1.7956521739130435}",0.061354061027657614,42.45701722018033,0.05811848294565332,0.0023473397075105184,41.811884682543585,1.4173230761711486,0
forward,GRNN,forward,GRNN,high,24,5,mean_val_r2,mean_val_are,42,0.17695473251028807,10,3,200,43,"{""sigma"": 1.7956521739130435}",0.06016768916784487,44.081706106670225,0.05811848294565332,0.0023473397075105184,41.811884682543585,1.4173230761711486,0
forward,GRNN,forward,GRNN,high,24,5,mean_val_r2,mean_val_are,42,0.17695473251028807,10,4,200,43,"{""sigma"": 1.7956521739130435}",0.05782802558621958,40.44944372862319,0.05811848294565332,0.0023473397075105184,41.811884682543585,1.4173230761711486,0
forward,GRNN,forward,GRNN,high,24,5,mean_val_r2,mean_val_are,42,0.17695473251028807,11,0,200,43,"{""sigma"": 1.9652173913043478}",0.046540201443144635,40.406420336340126,0.04851908648654908,0.002103497938896743,42.03771914733788,1.432120075753145,0
forward,GRNN,forward,GRNN,high,24,5,mean_val_r2,mean_val_are,42,0.17695473251028807,11,1,200,43,"{""sigma"": 1.9652173913043478}",0.0459206451363221,42.093714969014115,0.04851908648654908,0.002103497938896743,42.03771914733788,1.432120075753145,0
forward,GRNN,forward,GRNN,high,24,5,mean_val_r2,mean_val_are,42,0.17695473251028807,11,2,200,43,"{""sigma"": 1.9652173913043478}",0.05133471795385569,42.699574313121595,0.04851908648654908,0.002103497938896743,42.03771914733788,1.432120075753145,0
forward,GRNN,forward,GRNN,high,24,5,mean_val_r2,mean_val_are,42,0.17695473251028807,11,3,200,43,"{""sigma"": 1.9652173913043478}",0.05039393328641362,44.329561923163084,0.04851908648654908,0.002103497938896743,42.03771914733788,1.432120075753145,0
forward,GRNN,forward,GRNN,high,24,5,mean_val_r2,mean_val_are,42,0.17695473251028807,11,4,200,43,"{""sigma"": 1.9652173913043478}",0.04840593461300935,40.6593241950505,0.04851908648654908,0.002103497938896743,42.03771914733788,1.432120075753145,0
forward,GRNN,forward,GRNN,high,24,5,mean_val_r2,mean_val_are,42,0.17695473251028807,12,0,200,43,"{""sigma"": 2.134782608695652}",0.03916805311512106,40.57029386062191,0.04105569242685945,0.0019150998110438802,42.21258698789761,1.4436498734769223,0
forward,GRNN,forward,GRNN,high,24,5,mean_val_r2,mean_val_are,42,0.17695473251028807,12,1,200,43,"{""sigma"": 2.134782608695652}",0.03869484659853861,42.261816883035046,0.04105569242685945,0.0019150998110438802,42.21258698789761,1.4436498734769223,0
forward,GRNN,forward,GRNN,high,24,5,mean_val_r2,mean_val_are,42,0.17695473251028807,12,2,200,43,"{""sigma"": 2.134782608695652}",0.04354170253729628,42.887450649450386,0.04105569242685945,0.0019150998110438802,42.21258698789761,1.4436498734769223,0
forward,GRNN,forward,GRNN,high,24,5,mean_val_r2,mean_val_are,42,0.17695473251028807,12,3,200,43,"{""sigma"": 2.134782608695652}",0.042793625876867636,44.52156356639596,0.04105569242685945,0.0019150998110438802,42.21258698789761,1.4436498734769223,0
forward,GRNN,forward,GRNN,high,24,5,mean_val_r2,mean_val_are,42,0.17695473251028807,12,4,200,43,"{""sigma"": 2.134782608695652}",0.04108023400647365,40.82180997998475,0.04105569242685945,0.0019150998110438802,42.21258698789761,1.4436498734769223,0
forward,GRNN,forward,GRNN,high,24,5,mean_val_r2,mean_val_are,42,0.17695473251028807,13,0,200,43,"{""sigma"": 2.3043478260869565}",0.03332805574174302,40.699682848586434,0.035142099960483696,0.0017672408017583175,42.350703444043106,1.4528006865850855,0
forward,GRNN,forward,GRNN,high,24,5,mean_val_r2,mean_val_are,42,0.17695473251028807,13,1,200,43,"{""sigma"": 2.3043478260869565}",0.03297107398675991,42.39456368180629,0.035142099960483696,0.0017672408017583175,42.350703444043106,1.4528006865850855,0
forward,GRNN,forward,GRNN,high,24,5,mean_val_r2,mean_val_are,42,0.17695473251028807,13,2,200,43,"{""sigma"": 2.3043478260869565}",0.03736501711922491,43.03587792808589,0.035142099960483696,0.0017672408017583175,42.350703444043106,1.4528006865850855,0
forward,GRNN,forward,GRNN,high,24,5,mean_val_r2,mean_val_are,42,0.17695473251028807,13,3,200,43,"{""sigma"": 2.3043478260869565}",0.03677071834878498,44.673263381870946,0.035142099960483696,0.0017672408017583175,42.350703444043106,1.4528006865850855,0
forward,GRNN,forward,GRNN,high,24,5,mean_val_r2,mean_val_are,42,0.17695473251028807,13,4,200,43,"{""sigma"": 2.3043478260869565}",0.03527563460590566,40.950129379866,0.035142099960483696,0.0017672408017583175,42.350703444043106,1.4528006865850855,0
forward,GRNN,forward,GRNN,high,24,5,mean_val_r2,mean_val_are,42,0.17695473251028807,14,0,200,43,"{""sigma"": 2.473913043478261}",0.02862522843450621,40.803605230502725,0.030379163772000117,0.0016495521254830806,42.46166540076739,1.4601804742313518,0
forward,GRNN,forward,GRNN,high,24,5,mean_val_r2,mean_val_are,42,0.17695473251028807,14,1,200,43,"{""sigma"": 2.473913043478261}",0.028362018220872587,42.501195511943806,0.030379163772000117,0.0016495521254830806,42.46166540076739,1.4601804742313518,0
forward,GRNN,forward,GRNN,high,24,5,mean_val_r2,mean_val_are,42,0.17695473251028807,14,2,200,43,"{""sigma"": 2.473913043478261}",0.03238895622851656,43.15514640627073,0.030379163772000117,0.0016495521254830806,42.46166540076739,1.4601804742313518,0
forward,GRNN,forward,GRNN,high,24,5,mean_val_r2,mean_val_are,42,0.17695473251028807,14,3,200,43,"{""sigma"": 2.473913043478261}",0.031919206024932256,44.79517030532461,0.030379163772000117,0.0016495521254830806,42.46166540076739,1.4601804742313518,0
forward,GRNN,forward,GRNN,high,24,5,mean_val_r2,mean_val_are,42,0.17695473251028807,14,4,200,43,"{""sigma"": 2.473913043478261}",0.03060040995117297,41.05320954979504,0.030379163772000117,0.0016495521254830806,42.46166540076739,1.4601804742313518,0
forward,GRNN,forward,GRNN,high,24,5,mean_val_r2,mean_val_are,42,0.17695473251028807,15,0,200,43,"{""sigma"": 2.643478260869565}",0.02478357568155032,40.8883187696501,0.026487849917034435,0.0015546768520972613,42.552137017105586,1.4662159224807823,0
forward,GRNN,forward,GRNN,high,24,5,mean_val_r2,mean_val_are,42,0.17695473251028807,15,1,200,43,"{""sigma"": 2.643478260869565}",0.024597079109177855,42.58812607791187,0.026487849917034435,0.0015546768520972613,42.552137017105586,1.4662159224807823,0
forward,GRNN,forward,GRNN,high,24,5,mean_val_r2,mean_val_are,42,0.17695473251028807,15,2,200,43,"{""sigma"": 2.643478260869565}",0.028322714230217483,43.25240555725819,0.026487849917034435,0.0015546768520972613,42.552137017105586,1.4662159224807823,0
forward,GRNN,forward,GRNN,high,24,5,mean_val_r2,mean_val_are,42,0.17695473251028807,15,3,200,43,"{""sigma"": 2.643478260869565}",0.027955175543935895,44.89458693328731,0.026487849917034435,0.0015546768520972613,42.552137017105586,1.4662159224807823,0
forward,GRNN,forward,GRNN,high,24,5,mean_val_r2,mean_val_are,42,0.17695473251028807,15,4,200,43,"{""sigma"": 2.643478260869565}",0.02678070502029062,41.137247747420474,0.026487849917034435,0.0015546768520972613,42.552137017105586,1.4662159224807823,0
forward,GRNN,forward,GRNN,high,24,5,mean_val_r2,mean_val_are,42,0.17695473251028807,16,0,200,43,"{""sigma"": 2.8130434782608695}",0.021605709408324625,40.95827415388669,0.023268523098970918,0.0014773012080958761,42.626860680152234,1.4712132335373247,0
forward,GRNN,forward,GRNN,high,24,5,mean_val_r2,mean_val_are,42,0.17695473251028807,16,1,200,43,"{""sigma"": 2.8130434782608695}",0.021482745942231096,42.659918007335314,0.023268523098970918,0.0014773012080958761,42.626860680152234,1.4712132335373247,0
forward,GRNN,forward,GRNN,high,24,5,mean_val_r2,mean_val_are,42,0.17695473251028807,16,2,200,43,"{""sigma"": 2.8130434782608695}",0.024958122699898277,43.33274527999469,0.023268523098970918,0.0014773012080958761,42.626860680152234,1.4712132335373247,0
forward,GRNN,forward,GRNN,high,24,5,mean_val_r2,mean_val_are,42,0.17695473251028807,16,3,200,43,"{""sigma"": 2.8130434782608695}",0.024675452585286473,44.97671288688493,0.023268523098970918,0.0014773012080958761,42.626860680152234,1.4712132335373247,0
forward,GRNN,forward,GRNN,high,24,5,mean_val_r2,mean_val_are,42,0.17695473251028807,16,4,200,43,"{""sigma"": 2.8130434782608695}",0.023620584859114113,41.206653072659556,0.023268523098970918,0.0014773012080958761,42.626860680152234,1.4712132335373247,0
forward,GRNN,forward,GRNN,high,24,5,mean_val_r2,mean_val_are,42,0.17695473251028807,17,0,200,43,"{""sigma"": 2.982608695652174}",0.01894753294647933,41.01670583141642,0.020575401806331394,0.001413525089046729,42.68928440412049,1.4753965454488045,0
forward,GRNN,forward,GRNN,high,24,5,mean_val_r2,mean_val_are,42,0.17695473251028807,17,1,200,43,"{""sigma"": 2.982608695652174}",0.018877763177362228,42.71988772652701,0.020575401806331394,0.001413525089046729,42.68928440412049,1.4753965454488045,0
forward,GRNN,forward,GRNN,high,24,5,mean_val_r2,mean_val_are,42,0.17695473251028807,17,2,200,43,"{""sigma"": 2.982608695652174}",0.022143103206612835,43.39986750712206,0.020575401806331394,0.001413525089046729,42.68928440412049,1.4753965454488045,0
forward,GRNN,forward,GRNN,high,24,5,mean_val_r2,mean_val_are,42,0.17695473251028807,17,3,200,43,"{""sigma"": 2.982608695652174}",0.021931642856882094,45.045330336142136,0.020575401806331394,0.001413525089046729,42.68928440412049,1.4753965454488045,0
forward,GRNN,forward,GRNN,high,24,5,mean_val_r2,mean_val_are,42,0.17695473251028807,17,4,200,43,"{""sigma"": 2.982608695652174}",0.020976966844320488,41.264630619394836,0.020575401806331394,0.001413525089046729,42.68928440412049,1.4753965454488045,0
forward,GRNN,forward,GRNN,high,24,5,mean_val_r2,mean_val_are,42,0.17695473251028807,18,0,200,43,"{""sigma"": 3.152173913043478}",0.016701917574373226,41.06600952502773,0.018300077397626135,0.0013604441993247322,42.741963066294176,1.47893285784416,0
forward,GRNN,forward,GRNN,high,24,5,mean_val_r2,mean_val_are,42,0.17695473251028807,18,1,200,43,"{""sigma"": 3.152173913043478}",0.016677120552651026,42.77049207194756,0.018300077397626135,0.0013604441993247322,42.741963066294176,1.47893285784416,0
forward,GRNN,forward,GRNN,high,24,5,mean_val_r2,mean_val_are,42,0.17695473251028807,18,2,200,43,"{""sigma"": 3.152173913043478}",0.01976452433143039,43.456516020983194,0.018300077397626135,0.0013604441993247322,42.741963066294176,1.47893285784416,0
forward,GRNN,forward,GRNN,high,24,5,mean_val_r2,mean_val_are,42,0.17695473251028807,18,3,200,43,"{""sigma"": 3.152173913043478}",0.01961337735321944,45.10324280746898,0.018300077397626135,0.0013604441993247322,42.741963066294176,1.47893285784416,0
forward,GRNN,forward,GRNN,high,24,5,mean_val_r2,mean_val_are,42,0.17695473251028807,18,4,200,43,"{""sigma"": 3.152173913043478}",0.018743447176456596,41.3135549060434,0.018300077397626135,0.0013604441993247322,42.741963066294176,1.47893285784416,0
forward,GRNN,forward,GRNN,high,24,5,mean_val_r2,mean_val_are,42,0.17695473251028807,19,0,200,43,"{""sigma"": 3.3217391304347825}",0.014787910382564773,41.10798997687792,0.016360612473086244,0.0013158671356277246,42.78682191352118,1.4819485916935118,0
forward,GRNN,forward,GRNN,high,24,5,mean_val_r2,mean_val_are,42,0.17695473251028807,19,1,200,43,"{""sigma"": 3.3217391304347825}",0.014801469780987064,42.813582076172,0.016360612473086244,0.0013158671356277246,42.78682191352118,1.4819485916935118,0
forward,GRNN,forward,GRNN,high,24,5,mean_val_r2,mean_val_are,42,0.17695473251028807,19,2,200,43,"{""sigma"": 3.3217391304347825}",0.017736853852063916,43.50475889223047,0.016360612473086244,0.0013158671356277246,42.78682191352118,1.4819485916935118,0
forward,GRNN,forward,GRNN,high,24,5,mean_val_r2,mean_val_are,42,0.17695473251028807,19,3,200,43,"{""sigma"": 3.3217391304347825}",0.017637226038207277,45.15256357904494,0.016360612473086244,0.0013158671356277246,42.78682191352118,1.4819485916935118,0
forward,GRNN,forward,GRNN,high,24,5,mean_val_r2,mean_val_are,42,0.17695473251028807,19,4,200,43,"{""sigma"": 3.3217391304347825}",0.016839602311608193,41.35521504328057,0.016360612473086244,0.0013158671356277246,42.78682191352118,1.4819485916935118,0
forward,GRNN,forward,GRNN,high,24,5,mean_val_r2,mean_val_are,42,0.17695473251028807,20,0,200,43,"{""sigma"": 3.491304347826087}",0.013143436921556062,41.14402744083531,0.01469416644624788,0.0012781203565854278,42.825333755724714,1.484540830407926,0
forward,GRNN,forward,GRNN,high,24,5,mean_val_r2,mean_val_are,42,0.17695473251028807,20,1,200,43,"{""sigma"": 3.491304347826087}",0.013189969206321872,42.8505735611992,0.01469416644624788,0.0012781203565854278,42.825333755724714,1.484540830407926,0
forward,GRNN,forward,GRNN,high,24,5,mean_val_r2,mean_val_are,42,0.17695473251028807,20,2,200,43,"{""sigma"": 3.491304347826087}",0.01599447789458497,43.54617849351178,0.01469416644624788,0.0012781203565854278,42.825333755724714,1.484540830407926,0
forward,GRNN,forward,GRNN,high,24,5,mean_val_r2,mean_val_are,42,0.17695473251028807,20,3,200,43,"{""sigma"": 3.491304347826087}",0.01593919649798048,45.19490973012666,0.01469416644624788,0.0012781203565854278,42.825333755724714,1.484540830407926,0
forward,GRNN,forward,GRNN,high,24,5,mean_val_r2,mean_val_are,42,0.17695473251028807,20,4,200,43,"{""sigma"": 3.491304347826087}",0.01520375171079602,41.39097955295064,0.01469416644624788,0.0012781203565854278,42.825333755724714,1.484540830407926,0
forward,GRNN,forward,GRNN,high,24,5,mean_val_r2,mean_val_are,42,0.17695473251028807,21,0,200,43,"{""sigma"": 3.660869565217391}",0.011720265965414312,41.17519197395686,0.013251905357450888,0.0012459115315089555,42.858640666298754,1.4867851010976039,0
forward,GRNN,forward,GRNN,high,24,5,mean_val_r2,mean_val_are,42,0.17695473251028807,21,1,200,43,"{""sigma"": 3.660869565217391}",0.011795346999026846,42.88256426949499,0.013251905357450888,0.0012459115315089555,42.858640666298754,1.4867851010976039,0
forward,GRNN,forward,GRNN,high,24,5,mean_val_r2,mean_val_are,42,0.17695473251028807,21,2,200,43,"{""sigma"": 3.660869565217391}",0.014486396595459916,43.58200205592538,0.013251905357450888,0.0012459115315089555,42.858640666298754,1.4867851010976039,0
forward,GRNN,forward,GRNN,high,24,5,mean_val_r2,mean_val_are,42,0.17695473251028807,21,3,200,43,"{""sigma"": 3.660869565217391}",0.014469555004776424,45.23153548713186,0.013251905357450888,0.0012459115315089555,42.858640666298754,1.4867851010976039,0
forward,GRNN,forward,GRNN,high,24,5,mean_val_r2,mean_val_are,42,0.17695473251028807,21,4,200,43,"{""sigma"": 3.660869565217391}",0.013787962222576944,41.42190954498467,0.013251905357450888,0.0012459115315089555,42.858640666298754,1.4867851010976039,0
forward,GRNN,forward,GRNN,high,24,5,mean_val_r2,mean_val_are,42,0.17695473251028807,22,0,200,43,"{""sigma"": 3.8304347826086955}",0.01048047090034332,41.20232340795049,0.011995423588955601,0.0012182323743689866,42.88763917514633,1.488740857489933,0
forward,GRNN,forward,GRNN,high,24,5,mean_val_r2,mean_val_are,42,0.17695473251028807,22,1,200,43,"{""sigma"": 3.8304347826086955}",0.010580431973664428,42.910415837166106,0.011995423588955601,0.0012182323743689866,42.88763917514633,1.488740857489933,0
forward,GRNN,forward,GRNN,high,24,5,mean_val_r2,mean_val_are,42,0.17695473251028807,22,2,200,43,"{""sigma"": 3.8304347826086955}",0.013172493704618815,43.613193091374235,0.011995423588955601,0.0012182323743689866,42.88763917514633,1.488740857489933,0
forward,GRNN,forward,GRNN,high,24,5,mean_val_r2,mean_val_are,42,0.17695473251028807,22,3,200,43,"{""sigma"": 3.8304347826086955}",0.013189185164197759,45.26342560969855,0.011995423588955601,0.0012182323743689866,42.88763917514633,1.488740857489933,0
forward,GRNN,forward,GRNN,high,24,5,mean_val_r2,mean_val_are,42,0.17695473251028807,22,4,200,43,"{""sigma"": 3.8304347826086955}",0.012554536201953681,41.44883792954233,0.011995423588955601,0.0012182323743689866,42.88763917514633,1.488740857489933,0
forward,GRNN,forward,GRNN,high,24,5,mean_val_r2,mean_val_are,42,0.17695473251028807,23,0,200,43,"{""sigma"": 4.0}",0.009393901154523099,41.22608828176047,0.01089418629807819,0.0011942886246280682,42.913040941430744,1.4904554065378313,0
forward,GRNN,forward,GRNN,high,24,5,mean_val_r2,mean_val_are,42,0.17695473251028807,23,1,200,43,"{""sigma"": 4.0}",0.00951567478055293,42.93481216080251,0.01089418629807819,0.0011942886246280682,42.913040941430744,1.4904554065378313,0
forward,GRNN,forward,GRNN,high,24,5,mean_val_r2,mean_val_are,42,0.17695473251028807,23,2,200,43,"{""sigma"": 4.0}",0.012020869342346585,43.64051651973944,0.01089418629807819,0.0011942886246280682,42.913040941430744,1.4904554065378313,0
forward,GRNN,forward,GRNN,high,24,5,mean_val_r2,mean_val_are,42,0.17695473251028807,23,3,200,43,"{""sigma"": 4.0}",0.01206698485726021,45.29136192316479,0.01089418629807819,0.0011942886246280682,42.913040941430744,1.4904554065378313,0
forward,GRNN,forward,GRNN,high,24,5,mean_val_r2,mean_val_are,42,0.17695473251028807,23,4,200,43,"{""sigma"": 4.0}",0.011473501355708127,41.4724258216865,0.01089418629807819,0.0011942886246280682,42.913040941430744,1.4904554065378313,0
forward,KAN,forward,KAN,high,24,5,mean_val_r2,mean_val_are,42,0.17695473251028807,0,0,200,43,"{""hidden_dim"": 4, ""lr"": 0.01, ""weight_decay"": 0.0001}",0.999710738658905,0.47017431259155273,0.9997747898101806,8.7376917460933e-05,0.5243161797523499,0.12630592615387504,0
forward,KAN,forward,KAN,high,24,5,mean_val_r2,mean_val_are,42,0.17695473251028807,0,1,200,43,"{""hidden_dim"": 4, ""lr"": 0.01, ""weight_decay"": 0.0001}",0.9997904300689697,0.4675973057746887,0.9997747898101806,8.7376917460933e-05,0.5243161797523499,0.12630592615387504,0
forward,KAN,forward,KAN,high,24,5,mean_val_r2,mean_val_are,42,0.17695473251028807,0,2,200,43,"{""hidden_dim"": 4, ""lr"": 0.01, ""weight_decay"": 0.0001}",0.9998383522033691,0.46237000823020935,0.9997747898101806,8.7376917460933e-05,0.5243161797523499,0.12630592615387504,0
forward,KAN,forward,KAN,high,24,5,mean_val_r2,mean_val_are,42,0.17695473251028807,0,3,200,43,"{""hidden_dim"": 4, ""lr"": 0.01, ""weight_decay"": 0.0001}",0.9996454119682312,0.7763232588768005,0.9997747898101806,8.7376917460933e-05,0.5243161797523499,0.12630592615387504,0
forward,KAN,forward,KAN,high,24,5,mean_val_r2,mean_val_are,42,0.17695473251028807,0,4,200,43,"{""hidden_dim"": 4, ""lr"": 0.01, ""weight_decay"": 0.0001}",0.9998890161514282,0.4451160132884979,0.9997747898101806,8.7376917460933e-05,0.5243161797523499,0.12630592615387504,0
forward,KAN,forward,KAN,high,24,5,mean_val_r2,mean_val_are,42,0.17695473251028807,1,0,200,43,"{""hidden_dim"": 4, ""lr"": 0.01, ""weight_decay"": 1e-05}",0.999708354473114,0.4725379943847656,0.9997780442237854,7.697958125632958e-05,0.5170149683952332,0.10647510914298605,0
forward,KAN,forward,KAN,high,24,5,mean_val_r2,mean_val_are,42,0.17695473251028807,1,1,200,43,"{""hidden_dim"": 4, ""lr"": 0.01, ""weight_decay"": 1e-05}",0.9997887015342712,0.45756667852401733,0.9997780442237854,7.697958125632958e-05,0.5170149683952332,0.10647510914298605,0
forward,KAN,forward,KAN,high,24,5,mean_val_r2,mean_val_are,42,0.17695473251028807,1,2,200,43,"{""hidden_dim"": 4, ""lr"": 0.01, ""weight_decay"": 1e-05}",0.9998336434364319,0.4713640809059143,0.9997780442237854,7.697958125632958e-05,0.5170149683952332,0.10647510914298605,0
forward,KAN,forward,KAN,high,24,5,mean_val_r2,mean_val_are,42,0.17695473251028807,1,3,200,43,"{""hidden_dim"": 4, ""lr"": 0.01, ""weight_decay"": 1e-05}",0.9996759295463562,0.7294655442237854,0.9997780442237854,7.697958125632958e-05,0.5170149683952332,0.10647510914298605,0
forward,KAN,forward,KAN,high,24,5,mean_val_r2,mean_val_are,42,0.17695473251028807,1,4,200,43,"{""hidden_dim"": 4, ""lr"": 0.01, ""weight_decay"": 1e-05}",0.9998835921287537,0.4541405439376831,0.9997780442237854,7.697958125632958e-05,0.5170149683952332,0.10647510914298605,0
forward,KAN,forward,KAN,high,24,5,mean_val_r2,mean_val_are,42,0.17695473251028807,2,0,200,43,"{""hidden_dim"": 4, ""lr"": 0.005, ""weight_decay"": 0.0001}",0.9997752904891968,0.3804766535758972,0.9994241833686829,0.0002398229176136574,0.7656460404396057,0.25632035821485355,0
forward,KAN,forward,KAN,high,24,5,mean_val_r2,mean_val_are,42,0.17695473251028807,2,1,200,43,"{""hidden_dim"": 4, ""lr"": 0.005, ""weight_decay"": 0.0001}",0.9993263483047485,0.8670234084129333,0.9994241833686829,0.0002398229176136574,0.7656460404396057,0.25632035821485355,0
forward,KAN,forward,KAN,high,24,5,mean_val_r2,mean_val_are,42,0.17695473251028807,2,2,200,43,"{""hidden_dim"": 4, ""lr"": 0.005, ""weight_decay"": 0.0001}",0.9994810819625854,0.7353918552398682,0.9994241833686829,0.0002398229176136574,0.7656460404396057,0.25632035821485355,0
forward,KAN,forward,KAN,high,24,5,mean_val_r2,mean_val_are,42,0.17695473251028807,2,3,200,43,"{""hidden_dim"": 4, ""lr"": 0.005, ""weight_decay"": 0.0001}",0.999041736125946,1.167250394821167,0.9994241833686829,0.0002398229176136574,0.7656460404396057,0.25632035821485355,0
forward,KAN,forward,KAN,high,24,5,mean_val_r2,mean_val_are,42,0.17695473251028807,2,4,200,43,"{""hidden_dim"": 4, ""lr"": 0.005, ""weight_decay"": 0.0001}",0.9994964599609375,0.6780878901481628,0.9994241833686829,0.0002398229176136574,0.7656460404396057,0.25632035821485355,0
forward,KAN,forward,KAN,high,24,5,mean_val_r2,mean_val_are,42,0.17695473251028807,3,0,200,43,"{""hidden_dim"": 4, ""lr"": 0.005, ""weight_decay"": 1e-05}",0.999775230884552,0.380506694316864,0.9994242310523986,0.00023977746365615117,0.7656306624412537,0.25630919187548884,0
forward,KAN,forward,KAN,high,24,5,mean_val_r2,mean_val_are,42,0.17695473251028807,3,1,200,43,"{""hidden_dim"": 4, ""lr"": 0.005, ""weight_decay"": 1e-05}",0.9993263483047485,0.8670167922973633,0.9994242310523986,0.00023977746365615117,0.7656306624412537,0.25630919187548884,0
forward,KAN,forward,KAN,high,24,5,mean_val_r2,mean_val_are,42,0.17695473251028807,3,2,200,43,"{""hidden_dim"": 4, ""lr"": 0.005, ""weight_decay"": 1e-05}",0.9994811415672302,0.7353693246841431,0.9994242310523986,0.00023977746365615117,0.7656306624412537,0.25630919187548884,0
forward,KAN,forward,KAN,high,24,5,mean_val_r2,mean_val_are,42,0.17695473251028807,3,3,200,43,"{""hidden_dim"": 4, ""lr"": 0.005, ""weight_decay"": 1e-05}",0.9990418553352356,1.1672308444976807,0.9994242310523986,0.00023977746365615117,0.7656306624412537,0.25630919187548884,0
forward,KAN,forward,KAN,high,24,5,mean_val_r2,mean_val_are,42,0.17695473251028807,3,4,200,43,"{""hidden_dim"": 4, ""lr"": 0.005, ""weight_decay"": 1e-05}",0.999496579170227,0.6780296564102173,0.9994242310523986,0.00023977746365615117,0.7656306624412537,0.25630919187548884,0
forward,KAN,forward,KAN,high,24,5,mean_val_r2,mean_val_are,42,0.17695473251028807,4,0,200,43,"{""hidden_dim"": 4, ""lr"": 0.001, ""weight_decay"": 0.0001}",0.9195986390113831,8.567060470581055,0.7277658581733704,0.18487920146362763,14.209650230407714,5.895235188952297,0
forward,KAN,forward,KAN,high,24,5,mean_val_r2,mean_val_are,42,0.17695473251028807,4,1,200,43,"{""hidden_dim"": 4, ""lr"": 0.001, ""weight_decay"": 0.0001}",0.8422536253929138,11.262552261352539,0.7277658581733704,0.18487920146362763,14.209650230407714,5.895235188952297,0
forward,KAN,forward,KAN,high,24,5,mean_val_r2,mean_val_are,42,0.17695473251028807,4,2,200,43,"{""hidden_dim"": 4, ""lr"": 0.001, ""weight_decay"": 0.0001}",0.8365494608879089,10.654656410217285,0.7277658581733704,0.18487920146362763,14.209650230407714,5.895235188952297,0
forward,KAN,forward,KAN,high,24,5,mean_val_r2,mean_val_are,42,0.17695473251028807,4,3,200,43,"{""hidden_dim"": 4, ""lr"": 0.001, ""weight_decay"": 0.0001}",0.41296470165252686,25.122453689575195,0.7277658581733704,0.18487920146362763,14.209650230407714,5.895235188952297,0
forward,KAN,forward,KAN,high,24,5,mean_val_r2,mean_val_are,42,0.17695473251028807,4,4,200,43,"{""hidden_dim"": 4, ""lr"": 0.001, ""weight_decay"": 0.0001}",0.6274628639221191,15.4415283203125,0.7277658581733704,0.18487920146362763,14.209650230407714,5.895235188952297,0
forward,KAN,forward,KAN,high,24,5,mean_val_r2,mean_val_are,42,0.17695473251028807,5,0,200,43,"{""hidden_dim"": 4, ""lr"": 0.001, ""weight_decay"": 1e-05}",0.9196035861968994,8.566849708557129,0.7277715086936951,0.18487949492268,14.20950107574463,5.89527461724591,0
forward,KAN,forward,KAN,high,24,5,mean_val_r2,mean_val_are,42,0.17695473251028807,5,1,200,43,"{""hidden_dim"": 4, ""lr"": 0.001, ""weight_decay"": 1e-05}",0.8422600626945496,11.26236629486084,0.7277715086936951,0.18487949492268,14.20950107574463,5.89527461724591,0
forward,KAN,forward,KAN,high,24,5,mean_val_r2,mean_val_are,42,0.17695473251028807,5,2,200,43,"{""hidden_dim"": 4, ""lr"": 0.001, ""weight_decay"": 1e-05}",0.8365549445152283,10.654532432556152,0.7277715086936951,0.18487949492268,14.20950107574463,5.89527461724591,0
forward,KAN,forward,KAN,high,24,5,mean_val_r2,mean_val_are,42,0.17695473251028807,5,3,200,43,"{""hidden_dim"": 4, ""lr"": 0.001, ""weight_decay"": 1e-05}",0.4129687547683716,25.122377395629883,0.7277715086936951,0.18487949492268,14.20950107574463,5.89527461724591,0
forward,KAN,forward,KAN,high,24,5,mean_val_r2,mean_val_are,42,0.17695473251028807,5,4,200,43,"{""hidden_dim"": 4, ""lr"": 0.001, ""weight_decay"": 1e-05}",0.6274701952934265,15.44137954711914,0.7277715086936951,0.18487949492268,14.20950107574463,5.89527461724591,0
forward,KAN,forward,KAN,high,24,5,mean_val_r2,mean_val_are,42,0.17695473251028807,6,0,200,43,"{""hidden_dim"": 8, ""lr"": 0.01, ""weight_decay"": 0.0001}",0.9999275803565979,0.30261045694351196,0.9999358177185058,1.647670764268349e-05,0.2900953948497772,0.0464561940142658,0
forward,KAN,forward,KAN,high,24,5,mean_val_r2,mean_val_are,42,0.17695473251028807,6,1,200,43,"{""hidden_dim"": 8, ""lr"": 0.01, ""weight_decay"": 0.0001}",0.9999458193778992,0.23453250527381897,0.9999358177185058,1.647670764268349e-05,0.2900953948497772,0.0464561940142658,0
forward,KAN,forward,KAN,high,24,5,mean_val_r2,mean_val_are,42,0.17695473251028807,6,2,200,43,"{""hidden_dim"": 8, ""lr"": 0.01, ""weight_decay"": 0.0001}",0.9999585747718811,0.24540790915489197,0.9999358177185058,1.647670764268349e-05,0.2900953948497772,0.0464561940142658,0
forward,KAN,forward,KAN,high,24,5,mean_val_r2,mean_val_are,42,0.17695473251028807,6,3,200,43,"{""hidden_dim"": 8, ""lr"": 0.01, ""weight_decay"": 0.0001}",0.9999371767044067,0.3047970235347748,0.9999358177185058,1.647670764268349e-05,0.2900953948497772,0.0464561940142658,0
forward,KAN,forward,KAN,high,24,5,mean_val_r2,mean_val_are,42,0.17695473251028807,6,4,200,43,"{""hidden_dim"": 8, ""lr"": 0.01, ""weight_decay"": 0.0001}",0.9999099373817444,0.3631290793418884,0.9999358177185058,1.647670764268349e-05,0.2900953948497772,0.0464561940142658,0
forward,KAN,forward,KAN,high,24,5,mean_val_r2,mean_val_are,42,0.17695473251028807,7,0,200,43,"{""hidden_dim"": 8, ""lr"": 0.01, ""weight_decay"": 1e-05}",0.9999275803565979,0.3026057481765747,0.9999358177185058,1.647670764268349e-05,0.29011671245098114,0.04645869116424358,0
forward,KAN,forward,KAN,high,24,5,mean_val_r2,mean_val_are,42,0.17695473251028807,7,1,200,43,"{""hidden_dim"": 8, ""lr"": 0.01, ""weight_decay"": 1e-05}",0.9999458193778992,0.23455451428890228,0.9999358177185058,1.647670764268349e-05,0.29011671245098114,0.04645869116424358,0
forward,KAN,forward,KAN,high,24,5,mean_val_r2,mean_val_are,42,0.17695473251028807,7,2,200,43,"{""hidden_dim"": 8, ""lr"": 0.01, ""weight_decay"": 1e-05}",0.9999585747718811,0.24543482065200806,0.9999358177185058,1.647670764268349e-05,0.29011671245098114,0.04645869116424358,0
forward,KAN,forward,KAN,high,24,5,mean_val_r2,mean_val_are,42,0.17695473251028807,7,3,200,43,"{""hidden_dim"": 8, ""lr"": 0.01, ""weight_decay"": 1e-05}",0.9999371767044067,0.3048225939273834,0.9999358177185058,1.647670764268349e-05,0.29011671245098114,0.04645869116424358,0
forward,KAN,forward,KAN,high,24,5,mean_val_r2,mean_val_are,42,0.17695473251028807,7,4,200,43,"{""hidden_dim"": 8, ""lr"": 0.01, ""weight_decay"": 1e-05}",0.9999099373817444,0.36316588521003723,0.9999358177185058,1.647670764268349e-05,0.29011671245098114,0.04645869116424358,0
forward,KAN,forward,KAN,high,24,5,mean_val_r2,mean_val_are,42,0.17695473251028807,8,0,200,43,"{""hidden_dim"": 8, ""lr"": 0.005, ""weight_decay"": 0.0001}",0.9999123215675354,0.3876897096633911,0.9997880816459656,0.00022276612092853658,0.4941987574100494,0.23883426031540644,0
forward,KAN,forward,KAN,high,24,5,mean_val_r2,mean_val_are,42,0.17695473251028807,8,1,200,43,"{""hidden_dim"": 8, ""lr"": 0.005, ""weight_decay"": 0.0001}",0.9999393224716187,0.28011178970336914,0.9997880816459656,0.00022276612092853658,0.4941987574100494,0.23883426031540644,0
forward,KAN,forward,KAN,high,24,5,mean_val_r2,mean_val_are,42,0.17695473251028807,8,2,200,43,"{""hidden_dim"": 8, ""lr"": 0.005, ""weight_decay"": 0.0001}",0.9999074935913086,0.3617182672023773,0.9997880816459656,0.00022276612092853658,0.4941987574100494,0.23883426031540644,0
forward,KAN,forward,KAN,high,24,5,mean_val_r2,mean_val_are,42,0.17695473251028807,8,3,200,43,"{""hidden_dim"": 8, ""lr"": 0.005, ""weight_decay"": 0.0001}",0.9998331069946289,0.4885287284851074,0.9997880816459656,0.00022276612092853658,0.4941987574100494,0.23883426031540644,0
forward,KAN,forward,KAN,high,24,5,mean_val_r2,mean_val_are,42,0.17695473251028807,8,4,200,43,"{""hidden_dim"": 8, ""lr"": 0.005, ""weight_decay"": 0.0001}",0.9993481636047363,0.9529452919960022,0.9997880816459656,0.00022276612092853658,0.4941987574100494,0.23883426031540644,0
forward,KAN,forward,KAN,high,24,5,mean_val_r2,mean_val_are,42,0.17695473251028807,9,0,200,43,"{""hidden_dim"": 8, ""lr"": 0.005, ""weight_decay"": 1e-05}",0.9999123215675354,0.3876883089542389,0.9997880935668946,0.0002227425795364471,0.4942177593708038,0.23885055789909498,0
forward,KAN,forward,KAN,high,24,5,mean_val_r2,mean_val_are,42,0.17695473251028807,9,1,200,43,"{""hidden_dim"": 8, ""lr"": 0.005, ""weight_decay"": 1e-05}",0.9999393224716187,0.2801148295402527,0.9997880935668946,0.0002227425795364471,0.4942177593708038,0.23885055789909498,0
forward,KAN,forward,KAN,high,24,5,mean_val_r2,mean_val_are,42,0.17695473251028807,9,2,200,43,"{""hidden_dim"": 8, ""lr"": 0.005, ""weight_decay"": 1e-05}",0.9999074935913086,0.3617546558380127,0.9997880935668946,0.0002227425795364471,0.4942177593708038,0.23885055789909498,0
forward,KAN,forward,KAN,high,24,5,mean_val_r2,mean_val_are,42,0.17695473251028807,9,3,200,43,"{""hidden_dim"": 8, ""lr"": 0.005, ""weight_decay"": 1e-05}",0.9998331069946289,0.4885316491127014,0.9997880935668946,0.0002227425795364471,0.4942177593708038,0.23885055789909498,0
forward,KAN,forward,KAN,high,24,5,mean_val_r2,mean_val_are,42,0.17695473251028807,9,4,200,43,"{""hidden_dim"": 8, ""lr"": 0.005, ""weight_decay"": 1e-05}",0.9993482232093811,0.9529993534088135,0.9997880935668946,0.0002227425795364471,0.4942177593708038,0.23885055789909498,0
forward,KAN,forward,KAN,high,24,5,mean_val_r2,mean_val_are,42,0.17695473251028807,10,0,200,43,"{""hidden_dim"": 8, ""lr"": 0.001, ""weight_decay"": 0.0001}",0.9863183498382568,4.470986843109131,0.9028868556022644,0.1432328957537702,6.737207365036011,4.166024900893334,0
forward,KAN,forward,KAN,high,24,5,mean_val_r2,mean_val_are,42,0.17695473251028807,10,1,200,43,"{""hidden_dim"": 8, ""lr"": 0.001, ""weight_decay"": 0.0001}",0.9777519106864929,4.828970909118652,0.9028868556022644,0.1432328957537702,6.737207365036011,4.166024900893334,0
forward,KAN,forward,KAN,high,24,5,mean_val_r2,mean_val_are,42,0.17695473251028807,10,2,200,43,"{""hidden_dim"": 8, ""lr"": 0.001, ""weight_decay"": 0.0001}",0.9887293577194214,3.367396116256714,0.9028868556022644,0.1432328957537702,6.737207365036011,4.166024900893334,0
forward,KAN,forward,KAN,high,24,5,mean_val_r2,mean_val_are,42,0.17695473251028807,10,3,200,43,"{""hidden_dim"": 8, ""lr"": 0.001, ""weight_decay"": 0.0001}",0.9433624744415283,6.139668941497803,0.9028868556022644,0.1432328957537702,6.737207365036011,4.166024900893334,0
forward,KAN,forward,KAN,high,24,5,mean_val_r2,mean_val_are,42,0.17695473251028807,10,4,200,43,"{""hidden_dim"": 8, ""lr"": 0.001, ""weight_decay"": 0.0001}",0.6182721853256226,14.879014015197754,0.9028868556022644,0.1432328957537702,6.737207365036011,4.166024900893334,0
forward,KAN,forward,KAN,high,24,5,mean_val_r2,mean_val_are,42,0.17695473251028807,11,0,200,43,"{""hidden_dim"": 8, ""lr"": 0.001, ""weight_decay"": 1e-05}",0.9863192439079285,4.470900535583496,0.9028881549835205,0.14323255331277748,6.737148332595825,4.166043154931321,0
forward,KAN,forward,KAN,high,24,5,mean_val_r2,mean_val_are,42,0.17695473251028807,11,1,200,43,"{""hidden_dim"": 8, ""lr"": 0.001, ""weight_decay"": 1e-05}",0.9777531027793884,4.8289008140563965,0.9028881549835205,0.14323255331277748,6.737148332595825,4.166043154931321,0
forward,KAN,forward,KAN,high,24,5,mean_val_r2,mean_val_are,42,0.17695473251028807,11,2,200,43,"{""hidden_dim"": 8, ""lr"": 0.001, ""weight_decay"": 1e-05}",0.9887300729751587,3.367326498031616,0.9028881549835205,0.14323255331277748,6.737148332595825,4.166043154931321,0
forward,KAN,forward,KAN,high,24,5,mean_val_r2,mean_val_are,42,0.17695473251028807,11,3,200,43,"{""hidden_dim"": 8, ""lr"": 0.001, ""weight_decay"": 1e-05}",0.9433642625808716,6.139625549316406,0.9028881549835205,0.14323255331277748,6.737148332595825,4.166043154931321,0
forward,KAN,forward,KAN,high,24,5,mean_val_r2,mean_val_are,42,0.17695473251028807,11,4,200,43,"{""hidden_dim"": 8, ""lr"": 0.001, ""weight_decay"": 1e-05}",0.6182740926742554,14.878988265991211,0.9028881549835205,0.14323255331277748,6.737148332595825,4.166043154931321,0
forward,KAN,forward,KAN,high,24,5,mean_val_r2,mean_val_are,42,0.17695473251028807,12,0,200,43,"{""hidden_dim"": 16, ""lr"": 0.01, ""weight_decay"": 0.0001}",0.9999775290489197,0.16659900546073914,0.9999543905258179,2.5893410240781708e-05,0.20554415583610536,0.03190710890836116,0
forward,KAN,forward,KAN,high,24,5,mean_val_r2,mean_val_are,42,0.17695473251028807,12,1,200,43,"{""hidden_dim"": 16, ""lr"": 0.01, ""weight_decay"": 0.0001}",0.9999059438705444,0.253388375043869,0.9999543905258179,2.5893410240781708e-05,0.20554415583610536,0.03190710890836116,0
forward,KAN,forward,KAN,high,24,5,mean_val_r2,mean_val_are,42,0.17695473251028807,12,2,200,43,"{""hidden_dim"": 16, ""lr"": 0.01, ""weight_decay"": 0.0001}",0.9999497532844543,0.2313971370458603,0.9999543905258179,2.5893410240781708e-05,0.20554415583610536,0.03190710890836116,0
forward,KAN,forward,KAN,high,24,5,mean_val_r2,mean_val_are,42,0.17695473251028807,12,3,200,43,"{""hidden_dim"": 16, ""lr"": 0.01, ""weight_decay"": 0.0001}",0.9999694228172302,0.18568873405456543,0.9999543905258179,2.5893410240781708e-05,0.20554415583610536,0.03190710890836116,0
forward,KAN,forward,KAN,high,24,5,mean_val_r2,mean_val_are,42,0.17695473251028807,12,4,200,43,"{""hidden_dim"": 16, ""lr"": 0.01, ""weight_decay"": 0.0001}",0.9999693036079407,0.19064752757549286,0.9999543905258179,2.5893410240781708e-05,0.20554415583610536,0.03190710890836116,0
forward,KAN,forward,KAN,high,24,5,mean_val_r2,mean_val_are,42,0.17695473251028807,13,0,200,43,"{""hidden_dim"": 16, ""lr"": 0.01, ""weight_decay"": 1e-05}",0.9999747276306152,0.17616035044193268,0.9999518871307373,2.676189874375395e-05,0.2107759714126587,0.03297173405921277,0
forward,KAN,forward,KAN,high,24,5,mean_val_r2,mean_val_are,42,0.17695473251028807,13,1,200,43,"{""hidden_dim"": 16, ""lr"": 0.01, ""weight_decay"": 1e-05}",0.9999032616615295,0.2529448866844177,0.9999518871307373,2.676189874375395e-05,0.2107759714126587,0.03297173405921277,0
forward,KAN,forward,KAN,high,24,5,mean_val_r2,mean_val_are,42,0.17695473251028807,13,2,200,43,"{""hidden_dim"": 16, ""lr"": 0.01, ""weight_decay"": 1e-05}",0.9999427199363708,0.24849343299865723,0.9999518871307373,2.676189874375395e-05,0.2107759714126587,0.03297173405921277,0
forward,KAN,forward,KAN,high,24,5,mean_val_r2,mean_val_are,42,0.17695473251028807,13,3,200,43,"{""hidden_dim"": 16, ""lr"": 0.01, ""weight_decay"": 1e-05}",0.9999694228172302,0.1857023537158966,0.9999518871307373,2.676189874375395e-05,0.2107759714126587,0.03297173405921277,0
forward,KAN,forward,KAN,high,24,5,mean_val_r2,mean_val_are,42,0.17695473251028807,13,4,200,43,"{""hidden_dim"": 16, ""lr"": 0.01, ""weight_decay"": 1e-05}",0.9999693036079407,0.19057883322238922,0.9999518871307373,2.676189874375395e-05,0.2107759714126587,0.03297173405921277,0
forward,KAN,forward,KAN,high,24,5,mean_val_r2,mean_val_are,42,0.17695473251028807,14,0,200,43,"{""hidden_dim"": 16, ""lr"": 0.005, ""weight_decay"": 0.0001}",0.9999585151672363,0.20930930972099304,0.9999372482299804,3.390655470019943e-05,0.24723571240901948,0.04184853021488566,0
forward,KAN,forward,KAN,high,24,5,mean_val_r2,mean_val_are,42,0.17695473251028807,14,1,200,43,"{""hidden_dim"": 16, ""lr"": 0.005, ""weight_decay"": 0.0001}",0.9998794198036194,0.2845248878002167,0.9999372482299804,3.390655470019943e-05,0.24723571240901948,0.04184853021488566,0
forward,KAN,forward,KAN,high,24,5,mean_val_r2,mean_val_are,42,0.17695473251028807,14,2,200,43,"{""hidden_dim"": 16, ""lr"": 0.005, ""weight_decay"": 0.0001}",0.9999182224273682,0.30638086795806885,0.9999372482299804,3.390655470019943e-05,0.24723571240901948,0.04184853021488566,0
forward,KAN,forward,KAN,high,24,5,mean_val_r2,mean_val_are,42,0.17695473251028807,14,3,200,43,"{""hidden_dim"": 16, ""lr"": 0.005, ""weight_decay"": 0.0001}",0.9999603033065796,0.23692725598812103,0.9999372482299804,3.390655470019943e-05,0.24723571240901948,0.04184853021488566,0
forward,KAN,forward,KAN,high,24,5,mean_val_r2,mean_val_are,42,0.17695473251028807,14,4,200,43,"{""hidden_dim"": 16, ""lr"": 0.005, ""weight_decay"": 0.0001}",0.9999697804450989,0.19903624057769775,0.9999372482299804,3.390655470019943e-05,0.24723571240901948,0.04184853021488566,0
forward,KAN,forward,KAN,high,24,5,mean_val_r2,mean_val_are,42,0.17695473251028807,15,0,200,43,"{""hidden_dim"": 16, ""lr"": 0.005, ""weight_decay"": 1e-05}",0.9999585151672363,0.20933297276496887,0.9999372482299804,3.390655470019943e-05,0.24724360704421997,0.041859274526382335,0
forward,KAN,forward,KAN,high,24,5,mean_val_r2,mean_val_are,42,0.17695473251028807,15,1,200,43,"{""hidden_dim"": 16, ""lr"": 0.005, ""weight_decay"": 1e-05}",0.9998794198036194,0.2845301926136017,0.9999372482299804,3.390655470019943e-05,0.24724360704421997,0.041859274526382335,0
forward,KAN,forward,KAN,high,24,5,mean_val_r2,mean_val_are,42,0.17695473251028807,15,2,200,43,"{""hidden_dim"": 16, ""lr"": 0.005, ""weight_decay"": 1e-05}",0.9999182224273682,0.30641239881515503,0.9999372482299804,3.390655470019943e-05,0.24724360704421997,0.041859274526382335,0
forward,KAN,forward,KAN,high,24,5,mean_val_r2,mean_val_are,42,0.17695473251028807,15,3,200,43,"{""hidden_dim"": 16, ""lr"": 0.005, ""weight_decay"": 1e-05}",0.9999603033065796,0.23692907392978668,0.9999372482299804,3.390655470019943e-05,0.24724360704421997,0.041859274526382335,0
forward,KAN,forward,KAN,high,24,5,mean_val_r2,mean_val_are,42,0.17695473251028807,15,4,200,43,"{""hidden_dim"": 16, ""lr"": 0.005, ""weight_decay"": 1e-05}",0.9999697804450989,0.19901339709758759,0.9999372482299804,3.390655470019943e-05,0.24724360704421997,0.041859274526382335,0
forward,KAN,forward,KAN,high,24,5,mean_val_r2,mean_val_are,42,0.17695473251028807,16,0,200,43,"{""hidden_dim"": 16, ""lr"": 0.001, ""weight_decay"": 0.0001}",0.9962862133979797,2.13680100440979,0.9964284539222718,0.0011853737229263227,2.1518850564956664,0.3092085703271802,0
forward,KAN,forward,KAN,high,24,5,mean_val_r2,mean_val_are,42,0.17695473251028807,16,1,200,43,"{""hidden_dim"": 16, ""lr"": 0.001, ""weight_decay"": 0.0001}",0.9961687922477722,2.5434510707855225,0.9964284539222718,0.0011853737229263227,2.1518850564956664,0.3092085703271802,0
forward,KAN,forward,KAN,high,24,5,mean_val_r2,mean_val_are,42,0.17695473251028807,16,2,200,43,"{""hidden_dim"": 16, ""lr"": 0.001, ""weight_decay"": 0.0001}",0.997556209564209,1.7622888088226318,0.9964284539222718,0.0011853737229263227,2.1518850564956664,0.3092085703271802,0
forward,KAN,forward,KAN,high,24,5,mean_val_r2,mean_val_are,42,0.17695473251028807,16,3,200,43,"{""hidden_dim"": 16, ""lr"": 0.001, ""weight_decay"": 0.0001}",0.9944219589233398,2.4522337913513184,0.9964284539222718,0.0011853737229263227,2.1518850564956664,0.3092085703271802,0
forward,KAN,forward,KAN,high,24,5,mean_val_r2,mean_val_are,42,0.17695473251028807,16,4,200,43,"{""hidden_dim"": 16, ""lr"": 0.001, ""weight_decay"": 0.0001}",0.9977090954780579,1.8646506071090698,0.9964284539222718,0.0011853737229263227,2.1518850564956664,0.3092085703271802,0
forward,KAN,forward,KAN,high,24,5,mean_val_r2,mean_val_are,42,0.17695473251028807,17,0,200,43,"{""hidden_dim"": 16, ""lr"": 0.001, ""weight_decay"": 1e-05}",0.9962863922119141,2.1367249488830566,0.9964286923408509,0.001185324994060762,2.151824975013733,0.3092070908340682,0
forward,KAN,forward,KAN,high,24,5,mean_val_r2,mean_val_are,42,0.17695473251028807,17,1,200,43,"{""hidden_dim"": 16, ""lr"": 0.001, ""weight_decay"": 1e-05}",0.9961690306663513,2.5433943271636963,0.9964286923408509,0.001185324994060762,2.151824975013733,0.3092070908340682,0
forward,KAN,forward,KAN,high,24,5,mean_val_r2,mean_val_are,42,0.17695473251028807,17,2,200,43,"{""hidden_dim"": 16, ""lr"": 0.001, ""weight_decay"": 1e-05}",0.9975563287734985,1.762262225151062,0.9964286923408509,0.001185324994060762,2.151824975013733,0.3092070908340682,0
forward,KAN,forward,KAN,high,24,5,mean_val_r2,mean_val_are,42,0.17695473251028807,17,3,200,43,"{""hidden_dim"": 16, ""lr"": 0.001, ""weight_decay"": 1e-05}",0.9944223165512085,2.452179193496704,0.9964286923408509,0.001185324994060762,2.151824975013733,0.3092070908340682,0
forward,KAN,forward,KAN,high,24,5,mean_val_r2,mean_val_are,42,0.17695473251028807,17,4,200,43,"{""hidden_dim"": 16, ""lr"": 0.001, ""weight_decay"": 1e-05}",0.9977093935012817,1.8645641803741455,0.9964286923408509,0.001185324994060762,2.151824975013733,0.3092070908340682,0
forward,KAN,forward,KAN,high,24,5,mean_val_r2,mean_val_are,42,0.17695473251028807,18,0,200,43,"{""hidden_dim"": 32, ""lr"": 0.01, ""weight_decay"": 0.0001}",0.9999762177467346,0.13031619787216187,0.9999637603759766,1.5728490107228333e-05,0.19803934991359712,0.04723114881094449,0
forward,KAN,forward,KAN,high,24,5,mean_val_r2,mean_val_are,42,0.17695473251028807,18,1,200,43,"{""hidden_dim"": 32, ""lr"": 0.01, ""weight_decay"": 0.0001}",0.9999380111694336,0.19664254784584045,0.9999637603759766,1.5728490107228333e-05,0.19803934991359712,0.04723114881094449,0
forward,KAN,forward,KAN,high,24,5,mean_val_r2,mean_val_are,42,0.17695473251028807,18,2,200,43,"{""hidden_dim"": 32, ""lr"": 0.01, ""weight_decay"": 0.0001}",0.9999814629554749,0.1639026552438736,0.9999637603759766,1.5728490107228333e-05,0.19803934991359712,0.04723114881094449,0
forward,KAN,forward,KAN,high,24,5,mean_val_r2,mean_val_are,42,0.17695473251028807,18,3,200,43,"{""hidden_dim"": 32, ""lr"": 0.01, ""weight_decay"": 0.0001}",0.9999684691429138,0.24378341436386108,0.9999637603759766,1.5728490107228333e-05,0.19803934991359712,0.04723114881094449,0
forward,KAN,forward,KAN,high,24,5,mean_val_r2,mean_val_are,42,0.17695473251028807,18,4,200,43,"{""hidden_dim"": 32, ""lr"": 0.01, ""weight_decay"": 0.0001}",0.9999546408653259,0.25555193424224854,0.9999637603759766,1.5728490107228333e-05,0.19803934991359712,0.04723114881094449,0
forward,KAN,forward,KAN,high,24,5,mean_val_r2,mean_val_are,42,0.17695473251028807,19,0,200,43,"{""hidden_dim"": 32, ""lr"": 0.01, ""weight_decay"": 1e-05}",0.9999762177467346,0.13032269477844238,0.9999651908874512,1.533135281572974e-05,0.1940753221511841,0.04190238338566359,1
forward,KAN,forward,KAN,high,24,5,mean_val_r2,mean_val_are,42,0.17695473251028807,19,1,200,43,"{""hidden_dim"": 32, ""lr"": 0.01, ""weight_decay"": 1e-05}",0.9999380111694336,0.1966719776391983,0.9999651908874512,1.533135281572974e-05,0.1940753221511841,0.04190238338566359,1
forward,KAN,forward,KAN,high,24,5,mean_val_r2,mean_val_are,42,0.17695473251028807,19,2,200,43,"{""hidden_dim"": 32, ""lr"": 0.01, ""weight_decay"": 1e-05}",0.9999814629554749,0.16643868386745453,0.9999651908874512,1.533135281572974e-05,0.1940753221511841,0.04190238338566359,1
forward,KAN,forward,KAN,high,24,5,mean_val_r2,mean_val_are,42,0.17695473251028807,19,3,200,43,"{""hidden_dim"": 32, ""lr"": 0.01, ""weight_decay"": 1e-05}",0.9999701380729675,0.23745650053024292,0.9999651908874512,1.533135281572974e-05,0.1940753221511841,0.04190238338566359,1
forward,KAN,forward,KAN,high,24,5,mean_val_r2,mean_val_are,42,0.17695473251028807,19,4,200,43,"{""hidden_dim"": 32, ""lr"": 0.01, ""weight_decay"": 1e-05}",0.9999601244926453,0.23948675394058228,0.9999651908874512,1.533135281572974e-05,0.1940753221511841,0.04190238338566359,1
forward,KAN,forward,KAN,high,24,5,mean_val_r2,mean_val_are,42,0.17695473251028807,20,0,200,43,"{""hidden_dim"": 32, ""lr"": 0.005, ""weight_decay"": 0.0001}",0.9999719858169556,0.1665671169757843,0.9999577045440674,1.6355349439783192e-05,0.22099924981594085,0.03146588846491076,0
forward,KAN,forward,KAN,high,24,5,mean_val_r2,mean_val_are,42,0.17695473251028807,20,1,200,43,"{""hidden_dim"": 32, ""lr"": 0.005, ""weight_decay"": 0.0001}",0.9999274015426636,0.21616114675998688,0.9999577045440674,1.6355349439783192e-05,0.22099924981594085,0.03146588846491076,0
forward,KAN,forward,KAN,high,24,5,mean_val_r2,mean_val_are,42,0.17695473251028807,20,2,200,43,"{""hidden_dim"": 32, ""lr"": 0.005, ""weight_decay"": 0.0001}",0.999967634677887,0.21900607645511627,0.9999577045440674,1.6355349439783192e-05,0.22099924981594085,0.03146588846491076,0
forward,KAN,forward,KAN,high,24,5,mean_val_r2,mean_val_are,42,0.17695473251028807,20,3,200,43,"{""hidden_dim"": 32, ""lr"": 0.005, ""weight_decay"": 0.0001}",0.9999677538871765,0.24516291916370392,0.9999577045440674,1.6355349439783192e-05,0.22099924981594085,0.03146588846491076,0
forward,KAN,forward,KAN,high,24,5,mean_val_r2,mean_val_are,42,0.17695473251028807,20,4,200,43,"{""hidden_dim"": 32, ""lr"": 0.005, ""weight_decay"": 0.0001}",0.9999537467956543,0.2580989897251129,0.9999577045440674,1.6355349439783192e-05,0.22099924981594085,0.03146588846491076,0
forward,KAN,forward,KAN,high,24,5,mean_val_r2,mean_val_are,42,0.17695473251028807,21,0,200,43,"{""hidden_dim"": 32, ""lr"": 0.005, ""weight_decay"": 1e-05}",0.9999719858169556,0.1665923148393631,0.9999577045440674,1.6355349439783192e-05,0.22100440859794618,0.03145659735705324,0
forward,KAN,forward,KAN,high,24,5,mean_val_r2,mean_val_are,42,0.17695473251028807,21,1,200,43,"{""hidden_dim"": 32, ""lr"": 0.005, ""weight_decay"": 1e-05}",0.9999274015426636,0.21615822613239288,0.9999577045440674,1.6355349439783192e-05,0.22100440859794618,0.03145659735705324,0
forward,KAN,forward,KAN,high,24,5,mean_val_r2,mean_val_are,42,0.17695473251028807,21,2,200,43,"{""hidden_dim"": 32, ""lr"": 0.005, ""weight_decay"": 1e-05}",0.999967634677887,0.21901172399520874,0.9999577045440674,1.6355349439783192e-05,0.22100440859794618,0.03145659735705324,0
forward,KAN,forward,KAN,high,24,5,mean_val_r2,mean_val_are,42,0.17695473251028807,21,3,200,43,"{""hidden_dim"": 32, ""lr"": 0.005, ""weight_decay"": 1e-05}",0.9999677538871765,0.24516400694847107,0.9999577045440674,1.6355349439783192e-05,0.22100440859794618,0.03145659735705324,0
forward,KAN,forward,KAN,high,24,5,mean_val_r2,mean_val_are,42,0.17695473251028807,21,4,200,43,"{""hidden_dim"": 32, ""lr"": 0.005, ""weight_decay"": 1e-05}",0.9999537467956543,0.25809577107429504,0.9999577045440674,1.6355349439783192e-05,0.22100440859794618,0.03145659735705324,0
forward,KAN,forward,KAN,high,24,5,mean_val_r2,mean_val_are,42,0.17695473251028807,22,0,200,43,"{""hidden_dim"": 32, ""lr"": 0.001, ""weight_decay"": 0.0001}",0.9991269111633301,0.8658141493797302,0.9992029905319214,0.00022429630501229767,0.9064912796020508,0.1630233228458269,0
forward,KAN,forward,KAN,high,24,5,mean_val_r2,mean_val_are,42,0.17695473251028807,22,1,200,43,"{""hidden_dim"": 32, ""lr"": 0.001, ""weight_decay"": 0.0001}",0.99906325340271,0.893362820148468,0.9992029905319214,0.00022429630501229767,0.9064912796020508,0.1630233228458269,0
forward,KAN,forward,KAN,high,24,5,mean_val_r2,mean_val_are,42,0.17695473251028807,22,2,200,43,"{""hidden_dim"": 32, ""lr"": 0.001, ""weight_decay"": 0.0001}",0.9990087747573853,1.0639270544052124,0.9992029905319214,0.00022429630501229767,0.9064912796020508,0.1630233228458269,0
forward,KAN,forward,KAN,high,24,5,mean_val_r2,mean_val_are,42,0.17695473251028807,22,3,200,43,"{""hidden_dim"": 32, ""lr"": 0.001, ""weight_decay"": 0.0001}",0.9996365308761597,0.6300649642944336,0.9992029905319214,0.00022429630501229767,0.9064912796020508,0.1630233228458269,0
forward,KAN,forward,KAN,high,24,5,mean_val_r2,mean_val_are,42,0.17695473251028807,22,4,200,43,"{""hidden_dim"": 32, ""lr"": 0.001, ""weight_decay"": 0.0001}",0.999179482460022,1.0792874097824097,0.9992029905319214,0.00022429630501229767,0.9064912796020508,0.1630233228458269,0
forward,KAN,forward,KAN,high,24,5,mean_val_r2,mean_val_are,42,0.17695473251028807,23,0,200,43,"{""hidden_dim"": 32, ""lr"": 0.001, ""weight_decay"": 1e-05}",0.9991270303726196,0.8658031821250916,0.9992058157920838,0.00022264716296760813,0.9092013359069824,0.1628900921613577,0
forward,KAN,forward,KAN,high,24,5,mean_val_r2,mean_val_are,42,0.17695473251028807,23,1,200,43,"{""hidden_dim"": 32, ""lr"": 0.001, ""weight_decay"": 1e-05}",0.9990770816802979,0.9069646000862122,0.9992058157920838,0.00022264716296760813,0.9092013359069824,0.1628900921613577,0
forward,KAN,forward,KAN,high,24,5,mean_val_r2,mean_val_are,42,0.17695473251028807,23,2,200,43,"{""hidden_dim"": 32, ""lr"": 0.001, ""weight_decay"": 1e-05}",0.9990087747573853,1.0639362335205078,0.9992058157920838,0.00022264716296760813,0.9092013359069824,0.1628900921613577,0
forward,KAN,forward,KAN,high,24,5,mean_val_r2,mean_val_are,42,0.17695473251028807,23,3,200,43,"{""hidden_dim"": 32, ""lr"": 0.001, ""weight_decay"": 1e-05}",0.9996365904808044,0.6300592422485352,0.9992058157920838,0.00022264716296760813,0.9092013359069824,0.1628900921613577,0
forward,KAN,forward,KAN,high,24,5,mean_val_r2,mean_val_are,42,0.17695473251028807,23,4,200,43,"{""hidden_dim"": 32, ""lr"": 0.001, ""weight_decay"": 1e-05}",0.9991796016693115,1.0792434215545654,0.9992058157920838,0.00022264716296760813,0.9092013359069824,0.1628900921613577,0
